date,open,high,low,close,volume,r,R,R_2,N,N_2,D,D_2
2022-11-15,195.8800048828125,200.82000732421875,192.05999755859375,194.4199981689453,91293800,0.018009160285334423,-0.4643556054444002,-0.22987600276006045,237.3022299408668,2167.8401728748127,1.3102125430428464,1.5781062706447513
2022-11-16,191.50999450683594,192.57000732421875,185.66000366210938,186.9199981689453,66567600,-0.03934004993858786,-0.4947436295064691,-0.2610080724521529,226.71912386911345,1924.774195308489,1.2992833584643533,1.5536744558624118
2022-11-17,183.9600067138672,186.16000366210938,180.89999389648438,183.1699981689453,64336000,-0.020266034660649707,-0.5066020858127611,-0.3368309387018051,222.93362985319956,1477.874333459377,1.2952497584920544,1.4993956688867858
2022-11-18,185.0500030517578,185.19000244140625,176.5500030517578,180.19000244140625,76048900,-0.016402810087859467,-0.5192917911302387,-0.2926781528713668,219.07427513820457,1681.2117065694654,1.291066324168121,1.5258793013029286
2022-11-21,175.85000610351562,176.77000427246094,167.5399932861328,167.8699951171875,92882700,-0.07082202204033466,-0.5694192985212072,-0.413632464493976,205.51070364386607,1196.094708594186,1.2757556436710864,1.455935688036039
2022-11-22,168.6300048828125,170.9199981689453,166.19000244140625,169.91000366210938,78452300,0.012079065403443036,-0.5343131098619657,-0.33111612983025335,217.6816080315423,1471.257337515903,1.2895385917840982,1.4984737591627968
2022-11-23,173.57000732421875,183.6199951171875,172.5,183.1999969482422,109536700,0.07530952893106566,-0.4813113965186128,-0.2552569864411751,248.81033189866238,1946.570910327002,1.3215570406491326,1.5559878770523972
2022-11-25,185.05999755859375,185.1999969482422,180.6300048828125,182.86000061035156,50672700,-0.0018575995078746789,-0.48533677059153313,-0.19079842477305464,246.70516266417312,2560.273817922302,1.3195215474930573,1.6122884330372127
2022-11-28,179.9600067138672,188.5,179.0,182.9199981689453,92905200,0.00032805270562665304,-0.48154704881044214,-0.20690332264898748,248.2237242797473,2350.8688429744693,1.3209915843945577,1.5947581549210357
2022-11-29,184.99000549316406,186.3800048828125,178.75,180.8300018310547,83357100,-0.011491515256992131,-0.46571554508358287,-0.14662527901840816,254.4522195584764,3263.8739530810462,1.3269284131609587,1.6621700740639278
2022-11-30,182.42999267578125,194.75999450683594,180.6300048828125,194.6999969482422,109186400,0.07390252318127676,-0.38039753080253597,-0.12034784072516246,322.19980754376706,4004.9118714995916,1.383477741768775,1.704205062968711
2022-12-01,197.0800018310547,198.9199981689453,191.8000030517578,194.6999969482422,80046200,0.0,-0.3550815415663737,-0.1919904951780734,340.53719430455953,2461.939329404098,1.3967377670122876,1.6042423003089041
2022-12-02,191.77999877929688,196.25,191.11000061035156,194.86000061035156,73645900,0.0008214584254523483,-0.3467054146728804,-0.26193785534647274,347.50196611511586,1769.7930431460156,1.4015878126756411,1.53642834376969
2022-12-05,189.44000244140625,191.27000427246094,180.5500030517578,182.4499969482422,93122700,-0.06580520897353867,-0.41811882381624654,-0.32593787255228973,297.50781775013263,1447.8090338821412,1.364377604317128,1.4951731221725864
2022-12-06,181.22000122070312,183.64999389648438,175.3300018310547,179.82000732421875,92150800,-0.01451975486845227,-0.40724301155303666,-0.3165813540795173,303.71716033881387,1486.7566990248192,1.36932596453659,1.500626731817138
2022-12-07,175.02999877929688,179.3800048828125,172.22000122070312,174.0399932861328,84213300,-0.03267127201155782,-0.45537470914845046,-0.39496566078685347,274.0718655366291,1187.4045426653258,1.3447219896103795,1.454437604831166
2022-12-08,172.1999969482422,175.1999969482422,169.05999755859375,173.44000244140625,97624500,-0.003453386948248274,-0.4920856525151063,-0.3016949088878762,249.6884930722167,1514.3073635294415,1.3224010510532094,1.5043988906802
2022-12-09,173.83999633789062,182.5,173.36000061035156,179.0500030517578,104872300,0.03183338116095202,-0.4796608579176954,-0.28578133414890206,257.83996056023494,1605.8697050703959,1.330096784403958,1.5164598907834044
2022-12-12,176.10000610351562,177.3699951171875,167.52000427246094,167.82000732421875,109794500,-0.06477309340338366,-0.5798231941704228,-0.35309724773291634,216.59307222692308,1322.6314430423788,1.2883376654249132,1.4765953116048327
2022-12-13,174.8699951171875,175.0500030517578,156.91000366210938,160.9499969482422,175862700,-0.04179828130131225,-0.6373146321768473,-0.4072928797605869,199.716927317045,1156.0222794829858,1.2689050291907333,1.4489348547488248
2022-12-14,159.25,161.6199951171875,155.30999755859375,156.8000030517578,140682300,-0.02612261140486262,-0.6222277980086496,-0.4244448194280028,202.9833386676564,1114.5604181771214,1.2727913240012954,1.4414310640812578
2022-12-15,153.44000244140625,160.92999267578125,153.27999877929688,157.6699981689453,122334500,0.005533102257132837,-0.6519405696916872,-0.3872240118510094,190.76975950589963,1212.9136692518582,1.2579252747262324,1.458804412669047
2022-12-16,159.63999938964844,160.99000549316406,150.0399932861328,150.22999572753906,139032200,-0.04833680500131505,-0.7040375700198921,-0.3618910902935233,180.76879805926285,1288.7192576526008,1.2450255618207224,1.4712590642239
2022-12-19,154.0,155.25,145.82000732421875,149.8699951171875,139390600,-0.0023992055582815475,-0.7051190554320966,-0.3878966182090035,180.59123617758485,1195.2130291594779,1.2447901398920482,1.455784193760304
2022-12-20,146.0500030517578,148.47000122070312,137.66000366210938,137.8000030517578,159563300,-0.08396483835074355,-0.8077644314306567,-0.5252350728398596,162.89625576295174,890.2603331328737,1.2200864944163612,1.3952677681523402
2022-12-21,139.33999633789062,141.25999450683594,135.88999938964844,137.57000732421875,145417400,-0.0016704490129968075,-0.8083342123888192,-0.437628636033283,162.82725036697292,1042.4526106649284,1.2199849932071303,1.4276902538601561
2022-12-22,136.0,136.6300048828125,122.26000213623047,125.3499984741211,210090300,-0.09302311928148893,-0.8753357390624429,-0.5476809129244095,155.3391805528802,851.0180255566021,1.2087069698062518,1.3860062786685026
2022-12-23,126.37000274658203,128.6199951171875,121.0199966430664,123.1500015258789,166989700,-0.017706675474399133,-0.8516038460581765,-0.6548117047435655,157.85668887191568,697.5487129047232,1.212558217938039,1.345151722538701
2022-12-27,117.5,119.66999816894531,108.76000213623047,109.0999984741211,208643400,-0.12113825810398889,-0.9257054506194835,-0.7719341041862186,150.42362294899777,611.4368716277183,1.2010039180641985,1.3180824460153449
2022-12-28,110.3499984741211,116.2699966430664,108.23999786376953,112.70999908447266,221070500,0.032553261278161744,-0.8956189921951369,-0.7350652331559046,157.66033178607995,647.0988519244281,1.2122600498914669,1.3297284557010454
2022-12-29,120.38999938964844,123.56999969482422,117.5,121.81999969482422,221923300,0.07772640277207259,-0.8426903267562933,-0.7015938629921196,171.64543857254432,684.172385058949,1.2326194511601158,1.3411738483327158
2022-12-30,119.94999694824219,124.4800033569336,119.75,123.18000030517578,157777300,0.011102159833173808,-0.8486538289821832,-0.6872849163972443,169.98252779375645,699.9099407083396,1.230287302551324,1.345845979584676
2023-01-03,118.47000122070312,118.80000305175781,104.63999938964844,108.0999984741211,231402800,-0.13058999220665155,-0.9087135133714453,-0.7665357628232796,163.04390809359728,640.9879081323328,1.2203035343835225,1.3277791166058834
2023-01-04,109.11000061035156,114.58999633789062,107.5199966430664,113.63999938964844,180389000,0.04997884108534127,-0.8476372258790272,-0.6984569181265448,177.77356705324405,709.3986631578592,1.2410230077707107,1.3486124699650721
2023-01-05,110.51000213623047,111.75,107.16000366210938,110.33999633789062,157986300,-0.02946907696009933,-0.7870227543606733,-0.7101904176148714,186.45909759260553,699.8260559400206,1.252450134868296,1.3458213556222256
2023-01-06,103.0,114.38999938964844,101.80999755859375,113.05999755859375,220911100,0.024352154998279363,-0.7912997854437702,-0.6981907867501672,185.09994345618946,714.0880693354463,1.250697545901829,1.3499660594135516
2023-01-09,118.95999908447266,123.5199966430664,117.11000061035156,119.7699966430664,190284000,0.057654579278002493,-0.6984350217420381,-0.6657513223773261,211.79984766385434,755.2171875698194,1.282976726319809,1.3614706667184084
2023-01-10,121.06999969482422,122.76000213623047,114.91999816894531,118.8499984741211,167642500,-0.007711027963739906,-0.6949545825731624,-0.6677251218745853,212.53504382286445,753.3690417833639,1.2838068296930065,1.3609672967907196
2023-01-11,122.08999633789062,125.94999694824219,120.51000213623047,123.22000122070312,183810800,0.036109204525613114,-0.5935142708892926,-0.6854211468208502,245.6601064916299,730.5624495551228,1.3185046196589225,1.3546518845288227
2023-01-12,122.55999755859375,124.12999725341797,117.0,123.55999755859375,169400900,0.00275546279838757,-0.5902655649946129,-0.7077827623073046,247.2612869987324,703.3739284101591,1.3200609486683281,1.346860247417762
2023-01-13,116.55000305175781,122.62999725341797,115.5999984741211,122.4000015258789,180714100,-0.009432465746951967,-0.5702961648979881,-0.6494929139086546,253.6433193289945,754.8323487363077,1.3261656544044538,1.3613659517740297
2023-01-17,125.69999694824219,131.6999969482422,125.0199966430664,131.49000549316406,186477000,0.07163646233055776,-0.5020719135776838,-0.5724080241802987,296.94229963746716,871.5159207435984,1.363921810435148,1.3908959868518078
2023-01-18,136.55999755859375,136.67999267578125,127.01000213623047,128.77999877929688,195680300,-0.020825332244057446,-0.5433098174261539,-0.6101233623104796,274.4533841650768,818.4808671642487,1.3450552290938993,1.3779974418925016
2023-01-19,127.26000213623047,129.99000549316406,124.30999755859375,127.16999816894531,170291900,-0.012580752996881307,-0.4774364646238502,-0.62806159954425,303.352300969877,796.5991297078143,1.3690380096671353,1.3724302614054018
2023-01-20,128.67999267578125,133.50999450683594,127.3499984741211,133.4199981689453,138858100,0.04797727392320426,-0.4971666218803074,-0.58741462475191,288.734165914014,860.7164497077115,1.357206712594406,1.3883343183839438
2023-01-23,135.8699951171875,145.3800048828125,134.27000427246094,143.75,203119200,0.07457364612008015,-0.42641514140695963,-0.5148384092486485,347.4263029939588,1000.3766795292331,1.4015356473967568,1.4192260903133151
2023-01-24,143.0,146.5,141.10000610351562,143.88999938964844,158699100,0.0009734348560736818,-0.43380840105122975,-0.5343700198562412,340.3974516974605,959.0605945617269,1.3966394427550994,1.4105609991928694
2023-01-25,141.91000366210938,146.41000366210938,138.07000732421875,144.42999267578125,192734300,0.0037457958683397114,-0.3612756199628309,-0.5386156716068718,397.0364702430911,950.4760466854099,1.4335105379932016,1.4087138017517986
2023-01-26,159.97000122070312,161.4199981689453,154.75999450683594,160.27000427246094,234815100,0.1040650092615062,-0.2911700706809895,-0.527863127344242,508.2818343661212,972.4852871776325,1.4926828017931693,1.4134167958211459
2023-01-27,162.42999267578125,180.67999267578125,161.1699981689453,177.89999389648438,306590600,0.10436164069972145,-0.17182070587418258,-0.42547476467010337,895.1526618066255,1237.792827835113,1.6282615474126914,1.4629757976007434
2023-01-30,178.0500030517578,179.77000427246094,166.5,166.66000366210938,230878800,-0.06526572943550507,-0.28861164723068095,-0.4766467061515153,536.0105780192705,1118.8621627787884,1.5054074980790548,1.4422224625732294
2023-01-31,164.57000732421875,174.3000030517578,162.77999877929688,173.22000122070312,196813500,0.03860663902242871,-0.2599366481704009,-0.40172484847600404,602.3112627485098,1328.2719532992944,1.533344643320722,1.4774695826772795
2023-02-01,173.88999938964844,183.80999755859375,169.92999267578125,181.41000366210938,213806300,0.04619721319012782,-0.2157406228160609,-0.41535668141444265,739.0147963839667,1280.4120763894266,1.5823443096795748,1.4699304776596658
2023-02-02,187.3300018310547,196.75,182.61000061035156,188.27000427246094,217448300,0.03711744228973266,-0.1937466271226,-0.4001215869518842,830.2860522079866,1334.1151554425198,1.6102411798505685,1.4783713642738732
2023-02-03,183.9499969482422,199.0,183.69000244140625,189.97999572753906,232662000,0.009041655543147504,-0.1804072366322215,-0.44731826029945326,893.3869838577452,1179.6359604988866,1.6277885591962646,1.4530890810947459
2023-02-06,193.00999450683594,198.1699981689453,189.9199981689453,194.75999450683594,186188100,0.024849222136681733,-0.1567878725111988,-0.4228952588419739,1037.7635276428393,1255.2699154872162,1.6636748757075932,1.4658562714178107
2023-02-07,196.42999267578125,197.5,189.5500030517578,196.80999755859375,186010300,0.010470780820742525,-0.08830619674070052,-0.423497347501211,1807.5586328233633,1253.3004691352653,1.7966067610023395,1.4655336903203107
2023-02-08,196.10000610351562,203.0,194.30999755859375,201.2899932861328,180673600,0.02250783702828191,-0.06733221781232303,-0.42339236909957845,2390.8604544930563,1253.6434528138236,1.8636049077276513,1.465589905007589
2023-02-09,207.77999877929688,214.0,204.77000427246094,207.32000732421875,215431400,0.029516907690852447,-0.0007232281392144055,-0.39789041354431925,221907.22657194166,1342.325191897877,2.948939300376352,1.4796317684724223
2023-02-10,202.22999572753906,206.1999969482422,192.88999938964844,196.88999938964844,204754100,-0.05161833459581209,-0.0009645529129043429,-0.38090543631111506,166403.76542832793,1396.3840574867809,2.879984931582496,1.4877432162027775
2023-02-13,194.4199981689453,196.3000030517578,187.61000061035156,194.63999938964844,172475500,-0.011493498714308886,0.017308802940529906,-0.4001879557443415,9204.41864634193,1330.3045560781247,2.186533818078166,1.4777837235154794
2023-02-14,191.94000244140625,209.82000732421875,189.44000244140625,209.25,216455700,0.07237801403011461,0.16405220732422746,-0.3030943873497002,970.3514001249093,1776.898560478565,1.6475851015701557,1.537251521891036
2023-02-15,211.75999450683594,214.66000366210938,206.11000061035156,214.24000549316406,181006400,0.023567198213512965,0.11629051730561388,-0.31769525014436484,1342.188364415344,1689.2599689911594,1.7252967209310315,1.5268604463907955
2023-02-16,210.77999877929688,217.64999389648438,201.83999633789062,202.0399932861328,229586500,-0.058631243213632354,0.030504071849471886,-0.34972653808768495,5183.888979244482,1546.4480871181124,2.04899791723824,1.5087137232061778
2023-02-17,199.99000549316406,208.44000244140625,197.5,208.30999755859375,213738500,0.030561678706295534,0.08701574538620897,-0.36485512251217006,1820.6990083383112,1476.9347793574764,1.79834195810919,1.4992650177058733
2023-02-21,204.99000549316406,209.7100067138672,197.22000122070312,197.3699951171875,180018600,-0.05394722804913025,0.015059357051744283,-0.4492962483926558,10675.452822238207,1206.1443974481356,2.2220512033072817,1.4576546247145183
2023-02-22,197.92999267578125,201.99000549316406,191.77999877929688,200.86000061035156,191828500,0.017528035977254008,0.07192744296758603,-0.422816186538883,2215.3946846610324,1284.319407332872,1.8453452820165033,1.4705564564107907
2023-02-23,203.91000366210938,205.13999938964844,196.3300018310547,202.07000732421875,146360000,0.006006057267467943,0.09819953489570382,-0.4084025509170574,1613.2538353603106,1328.8820923042874,1.7693634913777487,1.4775639307484372
2023-02-24,196.3300018310547,197.6699981689453,192.8000030517578,196.8800048828125,142228100,-0.02601977738759486,0.08858256759596857,-0.43070922353427027,1795.4534790749722,1266.7913153289876,1.794997066428177,1.467733311753907
2023-02-27,202.02999877929688,209.4199981689453,201.25999450683594,207.6300048828125,161028300,0.05316324215501689,0.21256783179132013,-0.3568514667298872,742.8125749433244,1540.8081222690669,1.5835722301374022,1.5079630944995648
2023-02-28,210.58999633789062,211.22999572753906,203.75,205.7100067138672,153144900,-0.009290230436857878,0.19119853595101904,-0.3431145739109466,824.8848947808135,1597.2910624799688,1.6086777342272653,1.5153594622627975
2023-03-01,206.2100067138672,207.1999969482422,198.52000427246094,202.77000427246094,156852800,-0.014395089751065829,0.10149391726888772,-0.37981747924972514,1514.9414841891737,1440.2317371922513,1.7543010792774485,1.494095086999841
2023-03-02,186.74000549316406,193.75,186.00999450683594,190.89999389648438,181500700,-0.060322654091468045,0.04302886268529432,-0.4423079079062387,3661.671826275876,1253.8444653171575,1.9657196552926408,1.4656228436113339
2023-03-03,194.8000030517578,200.47999572753906,192.8800048828125,197.7899932861328,154193300,0.03545612908951283,0.07815693906918046,-0.4033901097412616,2045.1274202909265,1385.1222144599901,1.8261878646772356,1.4860796014579236
2023-03-06,198.5399932861328,198.60000610351562,192.3000030517578,193.80999755859375,128100100,-0.02032754273314496,0.06932091159302778,-0.3963946334905552,2314.095952807298,1407.2723065681316,1.855787178389047,1.4893389351803135
2023-03-07,191.3800048828125,194.1999969482422,186.10000610351562,187.7100067138672,148125800,-0.03198003067013721,-0.036561642258386234,-0.41695917306092223,4312.997699465871,1344.2768897801275,2.004938191434643,1.479930258813365
2023-03-08,185.0399932861328,186.5,180.0,182.0,151897800,-0.03089156736881823,-0.06745320962720432,-0.4225347511935782,2367.540873306047,1328.25383923926,1.8612568951796054,1.4774667809701996
2023-03-09,180.25,185.17999267578125,172.50999450683594,172.9199981689453,170023800,-0.05117763786639216,-0.11945230591904883,-0.4661577205919292,1364.3217787875246,1216.121425140838,1.7292149127706369,1.459347023846397
2023-03-10,175.1300048828125,178.2899932861328,168.44000244140625,173.44000244140625,191488900,0.0030026831172517087,-0.05064441382825832,-0.468763237644505,3137.349340243195,1208.639306138362,1.9286982837704898,1.4580791441085805
2023-03-13,167.4600067138672,177.35000610351562,163.91000366210938,174.47999572753906,167790300,0.005978365078895034,-0.030146293880911026,-0.43738930543394766,5252.18882958702,1289.5638531064765,2.0521335551203452,1.4713936623807902
2023-03-14,177.30999755859375,183.8000030517578,177.13999938964844,183.25999450683594,143717900,0.04909578215581386,0.05162076028646063,-0.40375394886198984,3087.936331227453,1407.8228484933416,1.924895265648693,1.4894192911756945
2023-03-15,180.8000030517578,182.33999633789062,176.02999877929688,180.4499969482422,145995600,-0.015452165385496644,0.039621981849212326,-0.45246367066589394,4042.7443115329816,1251.1487004247451,1.9894366498453997,1.465180666154933
2023-03-16,180.3699951171875,185.80999755859375,178.83999633789062,184.1300048828125,121136800,0.020188342220549882,0.027976942908810115,-0.45168391500888533,5698.428692551545,1253.5330193622597,2.071668292544892,1.465571806752529
2023-03-17,184.52000427246094,186.22000122070312,177.3300018310547,180.1300048828125,133197100,-0.021963216854791676,0.07078681945740219,-0.5090363747130208,2212.8691955152044,1108.8703016899042,1.8450720388439648,1.4403795394133272
2023-03-20,178.0800018310547,186.44000244140625,176.35000610351562,183.25,129684400,0.01717250122413543,0.12975760198284986,-0.5075570301939974,1194.8532814382388,1112.481158956299,1.6974416175732332,1.441047443941737
2023-03-21,188.27999877929688,198.0,188.0399932861328,197.5800018310547,153391400,0.07529223411697607,0.2311724475046886,-0.3910553505039611,684.4990555971991,1455.2374618170072,1.5639869621376734,1.49622451457032
2023-03-22,199.3000030517578,200.66000366210938,190.9499969482422,191.14999389648438,150376400,-0.0330851466718186,0.19255419857573733,-0.45938637111594993,831.0813582237374,1238.1679930354167,1.610470533614607,1.4630380562571421
2023-03-23,195.25999450683594,199.30999755859375,188.64999389648438,192.22000122070312,144193900,0.0055821275337720674,0.24647313111082417,-0.45756443890906784,637.9971323442604,1243.61577070118,1.5471333565891072,1.4639399951093142
2023-03-24,191.64999389648438,192.36000061035156,187.14999389648438,190.41000366210938,116312400,-0.009460894526444498,0.23941144214266116,-0.46570761328943544,658.7327623947554,1224.1435371478258,1.5547953538419026,1.460697771629118
2023-03-27,194.4199981689453,197.38999938964844,189.94000244140625,191.80999755859375,120851600,0.007325624786097459,0.3307019052795023,-0.4770625261511545,461.8256179103777,1191.912579938452,1.469721655598176,1.4552161013046516
2023-03-28,192.0,192.35000610351562,185.42999267578125,189.19000244140625,98654600,-0.013753472002494866,0.31861888229000424,-0.48971533009881496,481.8044904960698,1164.4758818044475,1.4798671064702131,1.4504317226242573
2023-03-29,193.1300048828125,195.2899932861328,189.44000244140625,193.8800048828125,123660000,0.0244876221590413,0.4361296237305344,-0.43920611533190845,341.77270430797336,1297.9379266175063,1.3976053326198725,1.4727234386848533
2023-03-30,195.5800018310547,197.3300018310547,194.4199981689453,195.27999877929688,110252200,0.007194983671774654,0.4610312828767083,-0.39057256318146827,321.8305275039482,1448.1575563307968,1.3832030239586264,1.4952225712477174
2023-03-31,197.52999877929688,207.7899932861328,197.1999969482422,207.4600067138672,170222100,0.060504162532241994,0.6426737035129392,-0.2830317471065443,224.73725618829772,2004.5856715211398,1.297180069666596,1.562021337117419
2023-04-03,199.91000366210938,202.69000244140625,192.1999969482422,194.77000427246094,169545900,-0.06311918518816903,0.5470012570466084,-0.34861773514852834,267.67673368169966,1650.0772523628389,1.3390659930263304,1.5220390242372193
2023-04-04,197.32000732421875,198.74000549316406,190.32000732421875,192.5800018310547,126463800,-0.011307735857578558,0.4579671184169572,-0.38472320833933604,310.2892996942206,1490.6625904439054,1.3744544327481976,1.5011657474725622
2023-04-05,190.52000427246094,190.67999267578125,183.75999450683594,185.52000427246094,133882500,-0.03734894534323148,0.4095160132405519,-0.4391378157416314,351.1665792425503,1311.9556105660345,1.404100845624056,1.4749303181305033
2023-04-06,183.0800018310547,186.38999938964844,179.74000549316406,185.05999755859375,123857900,-0.002482632348555218,0.5376233730986483,-0.37109014027279724,252.00050054203268,1528.6936024384127,1.3246090303273654,1.5063414280187193
2023-04-10,179.94000244140625,185.10000610351562,176.11000061035156,184.50999450683594,142154600,-0.0029764508462149673,0.484668081167092,-0.3629691447119353,273.23070964262126,1559.9876799155024,1.3439856356939084,1.5105046050643105
2023-04-11,186.69000244140625,189.19000244140625,185.64999389648438,186.7899932861328,115770900,0.012281322445656457,0.5264184805728478,-0.2606042737878254,249.43843075585616,2133.9370090629823,1.322161016066699,1.5748679319426566
2023-04-12,190.74000549316406,191.5800018310547,180.30999755859375,180.5399932861328,150256300,-0.03403263254550459,0.4680336930290639,-0.32326609241470633,281.8990015476298,1722.4681637251363,1.351467530799464,1.530859944796423
2023-04-13,182.9600067138672,186.5,180.94000244140625,185.89999389648438,112933000,0.029256539212836878,0.4396356529638982,-0.25879936877813997,295.90948157698676,2148.543025216646,1.3630871393049098,1.5762693221403927
2023-04-14,183.9499969482422,186.27999877929688,182.00999450683594,185.0,96438700,-0.004853036816821088,0.442493644110817,-0.2524609384623455,293.5784286524667,2199.221733703967,1.361192542706054,1.5810589319263892
2023-04-17,186.32000732421875,189.69000244140625,182.69000244140625,187.0399932861328,116662200,0.010966636750077955,0.4173510763352818,-0.17616319455401094,307.34872651508215,3111.6045721830174,1.3721733633142483,1.6523547791178153
2023-04-18,187.14999389648438,187.69000244140625,183.5800018310547,184.30999755859375,92067000,-0.014703352511066695,0.3998922610258274,-0.19037330396878543,322.70925754258866,2889.0474892358216,1.383856219587984,1.637108523707459
2023-04-19,179.10000610351562,183.5,177.64999389648438,180.58999633789062,125732700,-0.020389861131667686,0.38893486564111174,-0.1813612992568763,333.6321240801667,3026.14701970487,1.3918303658486624,1.6466335390624498
2023-04-20,166.1699981689453,169.6999969482422,160.55999755859375,162.99000549316406,210970800,-0.10254036525166675,0.21475803805888724,-0.2873138755187966,613.5738630952605,1955.0486876873256,1.5377827302802458,1.5568806863992437
2023-04-21,164.8000030517578,166.0,161.32000732421875,165.0800018310547,123539000,0.012741333042302827,0.24832470334524748,-0.29498511408090633,528.5195444770807,1900.8259315774146,1.502035958877008,1.551102277421593
2023-04-24,164.64999389648438,165.64999389648438,158.61000061035156,162.5500030517578,140006600,-0.015444550452118741,0.24546090589001002,-0.23197555873384018,535.44414925251,2381.820374072835,1.5051542134849425,1.5974453630492302
2023-04-25,159.82000732421875,163.47000122070312,158.75,160.6699981689453,121999300,-0.011633104865311444,0.18585052710149438,-0.3113160947788129,694.4733327002008,1751.385356564069,1.5674525003476458,1.5342803347524938
2023-04-26,160.2899932861328,160.6699981689453,153.13999938964844,153.75,153364100,-0.04402465397224694,0.06725222700916747,-0.35916291439779224,1889.6407762575861,1532.6214123849563,1.8072453600370888,1.5068686137461247
2023-04-27,152.63999938964844,160.47999572753906,152.3699951171875,160.19000244140625,127015200,0.041032719267455574,0.1073115114205494,-0.3264968896306805,1208.5041224436657,1698.9667405034932,1.7001629586519313,1.528037576572101
2023-04-28,160.89999389648438,165.0,157.32000732421875,164.30999755859375,122515800,0.025394246651119615,0.1289599622033291,-0.2323156577595017,1016.5446003433382,2363.4493931304855,1.65872595444696,1.595854640010421
2023-05-01,163.1699981689453,163.27999877929688,158.8300018310547,161.8300018310547,109015000,-0.015208459761728233,0.009686493180094884,-0.2814835775008947,12937.383549529535,1941.9558155798084,2.268087682531039,1.5555002175413766
2023-05-02,161.8800048828125,165.49000549316406,158.92999267578125,160.30999755859375,128259700,-0.009436987371174365,-0.10411213489080094,-0.2759328407649834,1144.4177489915403,1978.4055896679647,1.6871101829183244,1.5593205592701156
2023-05-03,160.00999450683594,165.0,159.91000366210938,160.61000061035156,119728000,0.001869644402715088,-0.0369767610525808,-0.32558840828326174,3110.7924613444297,1656.8521392067025,1.926661869979614,1.5228808044117284
2023-05-04,162.7100067138672,162.9499969482422,159.64999389648438,161.1999969482422,95108500,0.0036667412660127767,-0.07191665880899686,-0.3318533069793978,1567.8695039574018,1623.1190185727744,1.762527647108789,1.518654869836203
2023-05-05,163.97000122070312,170.7899932861328,163.50999450683594,170.05999755859375,107607300,0.05350549046047228,-0.06460838153865223,-0.28034900435471305,1752.5740700990498,1945.193187081033,1.7892065111615938,1.5558424194385987
2023-05-08,173.72000122070312,173.8000030517578,169.19000244140625,171.7899932861328,112249400,0.01012145995502574,-0.09160436387335921,-0.28535099099595923,1216.931493548334,1908.8166230342263,1.7018276793303801,1.551964107666327
2023-05-09,168.9499969482422,169.82000732421875,166.55999755859375,169.14999389648438,88965000,-0.015486902413259212,-0.11613292182976584,-0.2965401584619873,963.5095253569145,1841.6976291356789,1.6458900264374992,1.5446101360562927
2023-05-10,172.5500030517578,174.42999267578125,166.67999267578125,168.5399932861328,119840700,-0.003612788634512576,-0.14459493260096015,-0.30138280511215887,764.3062327630595,1813.1329276069766,1.5904055153096102,1.5413987519920471
2023-05-11,168.6999969482422,173.57000732421875,166.7899932861328,172.0800018310547,103889900,0.020786425091438347,-0.1342792883302645,-0.22258548507096507,828.0154480488418,2433.2579750613745,1.6095851622897026,1.601834860789982
2023-05-12,176.07000732421875,177.3800048828125,167.22999572753906,167.97999572753906,157849600,-0.024114596337054404,-0.18090172169560084,-0.24823393950792388,615.19461176162,2193.6702278991843,1.5384146808685315,1.580539675991846
2023-05-15,167.66000366210938,169.75999450683594,164.5500030517578,166.35000610351562,105592500,-0.009750860107846383,-0.2201694894942997,-0.22089271763351406,499.6376728006469,2449.1031194000175,1.4885737186262369,1.603168347801376
2023-05-16,165.64999389648438,169.52000427246094,164.35000610351562,166.52000427246094,98288800,0.0010214088288270423,-0.1675297460696604,-0.16849429898256474,636.9983461528725,3171.8747690992236,1.5467580370002172,1.6562960537677074
2023-05-17,168.41000366210938,174.5,167.19000244140625,173.86000061035156,125473600,0.04313493317739194,-0.11290131417795955,-0.09559251123742958,963.4331115617717,5609.023750483596,1.645871027021935,1.77340952626314
2023-05-18,174.22000122070312,177.05999755859375,172.4499969482422,176.88999938964844,109520300,0.01727768584344739,-0.16800164236462684,-0.003949435040399433,626.1328258770624,133882.2537664318,1.5426365869178054,2.42519413258731
2023-05-19,177.1699981689453,181.9499969482422,176.30999755859375,180.13999938964844,136196700,0.018206255962432197,-0.17336258461570753,-0.05707206731009367,604.7607219968261,9143.760629561784,1.5343168864943844,1.873808417813844
2023-05-22,180.6999969482422,189.32000732421875,180.11000061035156,188.8699951171875,132001400,0.0473245988875953,-0.06740674251447996,-0.03690267066500812,1544.4738326566485,14212.39531530476,1.7589260639260076,1.9644174827481593
2023-05-23,186.1999969482422,192.9600067138672,185.25999450683594,185.77000427246094,156952100,-0.016549549453013485,-0.11451797067378898,-0.027502225287579903,901.1438200449643,19025.85264687047,1.629859528517464,2.0243419125640654
2023-05-24,182.22999572753906,184.22000122070312,178.22000122070312,182.89999389648438,137605100,-0.015569850375932186,-0.07614059300059087,-0.0610812359488466,1322.5879657548246,8561.322759288114,1.7217726127381052,1.8602867791319442
2023-05-25,186.5399932861328,186.77999877929688,180.5800018310547,184.47000122070312,96870700,0.008547333224801432,-0.0851212957530433,-0.01319385278545724,1176.1908162156778,39331.43189936931,1.6936704519414685,2.1735396800488016
2023-05-26,184.6199951171875,198.60000610351562,184.52999877929688,193.1699981689453,162061500,0.04608376548838008,-0.04504358753213115,0.05315594736357259,2280.545200583565,9825.606601586824,1.8522885675193719,1.888583895814175
2023-05-30,200.10000610351562,204.47999572753906,197.52999877929688,201.16000366210938,128818700,0.040530008769500823,0.02150619862496435,0.11008876622093285,4820.335951094338,4772.748221224289,2.031579332653758,1.740239879388586
2023-05-31,199.77999877929688,203.9499969482422,195.1199951171875,203.92999267578125,150711700,0.013676132280176065,-0.017980911249876302,0.19458692054144372,5622.653872012306,2662.03399512964,2.068461427361164,1.6202958293715548
2023-06-01,202.58999633789062,209.8000030517578,199.3699951171875,207.52000427246094,148029900,0.017450979367424225,0.008760298554405693,0.1999588345054249,11601.304260435467,2594.0106501778923,2.2419752174197276,1.6149778806042467
2023-06-02,210.14999389648438,217.25,209.75,213.97000122070312,164398400,0.030608082827557156,0.053763471133028776,0.15525738840191639,1909.9349675137057,3303.444451758175,1.8098044056721523,1.664645840483715
2023-06-05,217.8000030517578,221.2899932861328,214.52000427246094,217.61000061035156,151143100,0.016868648629117366,0.130954773853614,0.17398363653890833,762.5550424642018,2959.1035394952355,1.5898560108632283,1.6420308319380377
2023-06-06,216.13999938964844,221.91000366210938,212.52999877929688,221.30999755859375,146911600,0.0168599499197107,0.11235859468381199,0.1905155337529925,878.0055657371852,2713.609390007269,1.6236282104446154,1.6242380996814885
2023-06-07,228.0,230.8300018310547,223.1999969482422,224.57000732421875,185710800,0.01462307267215497,0.1473092100891119,0.21663012168213974,667.172683075132,2388.3651995427704,1.5578451368111208,1.598009109770863
2023-06-08,224.22000122070312,235.22999572753906,223.00999450683594,234.86000061035156,164489700,0.04480209933086133,0.2240913400901104,0.18752969783172435,442.29337626310297,2738.8130767355037,1.45936948711729,1.626137421814642
2023-06-09,249.07000732421875,252.4199981689453,242.02000427246094,244.39999389648438,200242400,0.03981660778824774,0.29479951524717635,0.22734630561997207,338.17641437928376,2281.9150119705396,1.3950712568891008,1.5886421278892693
2023-06-12,247.94000244140625,250.97000122070312,244.58999633789062,249.8300018310547,150337900,0.021974491562613167,0.36795164467618174,0.2484993387571329,265.7850289087891,2098.737343232135,1.3373670095983405,1.57145085578915
2023-06-13,253.50999450683594,259.67999267578125,251.33999633789062,258.7099914550781,162384300,0.03492701634188564,0.39987597790081547,0.34923156407255723,249.7552383646024,1481.8840282960539,1.3224650792592998,1.4999523112978235
2023-06-14,260.1700134277344,261.57000732421875,250.5,256.7900085449219,170575500,-0.007449046704933148,0.38644856611698747,0.3563022722360764,258.68051597926427,1449.8966893268328,1.3308764645062932,1.4954691452579003
2023-06-15,248.39999389648438,258.95001220703125,247.2899932861328,255.89999389648438,160171200,-0.0034719442089692484,0.33388083975220423,0.3855016000386649,290.52630000582064,1330.2294264120965,1.3586890096851758,1.4777721206940164
2023-06-16,258.9200134277344,263.6000061035156,257.2099914550781,260.5400085449219,167915600,0.017969713751816718,0.36730271888951765,0.4069247007387298,264.53603706941686,1264.8352234466745,1.3362386207560233,1.4674158359297984
2023-06-20,261.5,274.75,261.1199951171875,274.45001220703125,165611200,0.05201270640767318,0.3991270830766411,0.42710402598545116,248.62604804235517,1211.217819530781,1.3213795452804316,1.4585169693467137
2023-06-21,275.1300048828125,276.989990234375,257.7799987792969,259.4599914550781,211797100,-0.05616662426467672,0.364923675666756,0.43571049512415816,278.02145374176695,1184.7251141650627,1.3481495411389381,1.453973490588984
2023-06-22,250.77000427246094,265.0,248.25,264.6099853515625,166875900,0.019654473293680905,0.36740564773630147,0.4971632497191512,276.5824086381911,1032.4948019143956,1.346906373348619,1.4257183715890303
2023-06-23,259.2900085449219,262.45001220703125,252.8000030517578,256.6000061035156,177460800,-0.03073851253541729,0.261374901083908,0.49254734858859656,377.70247520318514,1043.3891069711517,1.4215515713765934,1.4278747323396221
2023-06-26,250.07000732421875,258.3699951171875,240.6999969482422,241.0500030517578,179990600,-0.06251408245574486,0.23194596529998163,0.4245001638757189,433.8718623157826,1228.093908965634,1.4547642204115874,1.461359678351419
2023-06-27,243.24000549316406,250.38999938964844,240.85000610351562,250.2100067138672,164968200,0.03729619858071868,0.2636600363469284,0.5101331674577526,389.50249708779137,1019.1275924419517,1.4289211543249627,1.4230412356143587
2023-06-28,249.6999969482422,259.8800048828125,248.88999938964844,256.239990234375,159770800,0.023813875097039847,0.29693480597041283,0.536346248113074,348.99642680084116,974.5098351202658,1.4026158344200275,1.4138440480336059
2023-06-29,258.0299987792969,260.739990234375,253.61000061035156,257.5,131283400,0.004905252914132209,0.2945144340984474,0.6252163393779497,351.33035982273736,819.5514343388525,1.404212546154417,1.3782659840568972
2023-06-30,260.6000061035156,264.45001220703125,259.8900146484375,261.7699890136719,112620800,0.016446493545468958,0.32471439964641124,0.6433332819364155,319.1940628994408,799.4578361474231,1.3812324762114674,1.373166201726811
2023-07-03,276.489990234375,284.25,275.1099853515625,279.82000732421875,119685900,0.06668035183063045,0.36690712931800057,0.8030367530485348,289.962847360035,636.2016081959046,1.358223958546029,1.3262393051008894
2023-07-05,278.82000732421875,283.8500061035156,277.6000061035156,282.4800109863281,131530900,0.009461225032650612,0.3691733706788763,0.8302046535555846,288.58186988484454,614.0911918392829,1.3570803227359038,1.3189723675050697
2023-07-06,278.0899963378906,279.9700012207031,272.8800048828125,276.5400085449219,120332100,-0.02125228365266279,0.2874169244939715,0.9300906280069108,361.7927847432985,534.1804051487593,1.411242237293241,1.290331621315054
2023-07-07,278.42999267578125,280.7799987792969,273.7699890136719,274.42999267578125,113879200,-0.007659314226953743,0.34287679545518684,0.8898780525017952,292.75961282036883,554.6827163446002,1.3605234663238763,1.2980691420520847
2023-07-10,276.4700012207031,277.5199890136719,265.1000061035156,269.6099853515625,119425400,-0.01771977662648564,0.33646475468627973,0.794431873103237,299.5774717221475,611.5050647207382,1.3660383394278395,1.318105357620348
2023-07-11,268.6499938964844,270.8999938964844,266.3699951171875,269.7900085449219,91972400,0.0006674942605875906,0.3744811942900988,0.7839972075306506,262.7981530520301,617.9136899984896,1.3346596514426265,1.3202472119958386
2023-07-12,276.3299865722656,276.5199890136719,271.4599914550781,271.989990234375,95672100,0.008121354742896705,0.3850851813815507,0.922708554480199,256.51333248763933,507.7677911498567,1.328861047889308,1.2799137432824463
2023-07-13,274.5899963378906,279.45001220703125,270.6000061035156,277.8999938964844,112681500,0.021496049775542363,0.409557682003308,0.8942257631703999,244.12497064915837,519.8004137850365,1.317002930853021,1.2847253536476566
2023-07-14,277.010009765625,285.29998779296875,276.30999755859375,281.3800048828125,120062400,0.012444771516691934,0.4097211310743434,0.9361396116471912,244.05351275296667,494.163216949649,1.316932800043264,1.274334249595549
2023-07-17,286.6300048828125,292.2300109863281,283.57000732421875,290.3800048828125,131569600,0.03148434056863512,0.47523810418848317,0.9432717972175471,210.05942374882258,491.40973735994413,1.2810000882009975,1.2731863202032425
2023-07-18,290.1499938964844,295.260009765625,286.010009765625,293.3399963378906,112120300,0.010141906463636843,0.4561234714392831,0.8957591244031814,216.13838654155057,510.57955895070916,1.2878342456963419,1.281048246105727
2023-07-19,296.0400085449219,299.2900085449219,289.5199890136719,291.260009765625,142355400,-0.00711596075110357,0.45386054750500054,0.8963541916158176,217.540127202306,510.1542941433572,1.2893828431329872,1.2808770602364343
2023-07-20,279.55999755859375,280.92999267578125,261.20001220703125,262.8999938964844,175158300,-0.1024426640636013,0.3404512466913215,0.7578023230266031,307.4708171259384,614.8071542000139,1.3722685052244004,1.3192117515728208
2023-07-21,268.0,268.0,255.8000030517578,260.0199890136719,161796100,-0.011015199637560409,0.34413939956482775,0.7440316605906553,303.4790355507472,627.6292800289244,1.3691380705655707,1.3234523020445095
2023-07-24,255.85000610351562,269.8500061035156,254.1199951171875,269.05999755859375,136508500,0.03417588510139735,0.3987051457978928,0.7876400114390044,264.1931907404449,596.963959604188,1.3359279477610084,1.31316106900894
2023-07-25,272.3800048828125,272.8999938964844,265.0,265.2799987792969,112757300,-0.014148526638195701,0.48709698441136373,0.7018550224702511,204.4556183065965,659.2804119328243,1.2745226023714937,1.3335599411463137
2023-07-26,263.25,268.0400085449219,261.75,264.3500061035156,95856200,-0.003511861575139069,0.470843789793922,0.7191684931391694,210.2391528219242,640.2790466173025,1.281204967321049,1.3275517939197239
2023-07-27,268.30999755859375,269.1300048828125,255.3000030517578,255.7100067138672,103697300,-0.03322998965193553,0.4530583505941052,0.6985192564841153,221.04405071532835,663.049606163633,1.2932106335917355,1.3347311404315745
2023-07-28,259.8599853515625,267.25,258.2300109863281,266.44000244140625,111446000,0.041105070589749985,0.5057965260491665,0.691647053150661,201.78377181636458,668.3459856735105,1.2713714239682548,1.336365679233529
2023-07-31,267.4800109863281,269.0799865722656,263.7799987792969,267.42999267578125,84582200,0.0037087357528333273,0.5535299157742468,0.6207821427834141,179.6488198374256,729.8004596219189,1.2435367417253254,1.3544374921017157
2023-08-01,266.260009765625,266.4700012207031,260.25,261.07000732421875,83166000,-0.02406922380883306,0.4884279726979581,0.5957394841185075,201.33648031161113,765.5184150956064,1.2708398135671746,1.3642539849890924
2023-08-02,255.57000732421875,259.5199890136719,250.49000549316406,254.11000061035156,101752900,-0.027021352113566002,0.4360123739332725,0.5649723361366017,225.78288289329032,812.5625603961538,1.29829205867667,1.3765065202616662
2023-08-03,252.0399932861328,260.489990234375,252.0,259.32000732421875,97569100,0.020295602012260543,0.47151643570726126,0.48120292888735616,209.48324921468918,931.3853224003678,1.2803421040241332,1.4045453897386826
2023-08-04,260.9700012207031,264.7699890136719,253.11000061035156,253.86000061035156,99539900,-0.021279912186420162,0.45967351089201536,0.35556137600121446,216.55497383329052,1230.1243888580532,1.2882955241602745,1.4616990685582554
2023-08-07,251.4499969482422,253.64999389648438,242.75999450683594,251.4499969482422,111097900,-0.009538785882980292,0.4482650806063201,0.41128831955373935,223.17839075034993,1045.8362108603271,1.2955126250949855,1.4283560017818968
2023-08-08,247.4499969482422,250.9199981689453,245.00999450683594,249.6999969482422,96642200,-0.00698396541730477,0.4376143739230025,0.3656977151140056,229.10284685202942,1164.9765708591153,1.3017889008079617,1.450520037775223
2023-08-09,250.8699951171875,251.10000610351562,241.89999389648438,242.19000244140625,101596300,-0.030537632908455258,0.35357125055407485,0.2889628690154226,279.337723283421,1467.2941410520152,1.3492810233783283,1.4979196012695948
2023-08-10,245.39999389648438,251.8000030517578,243.0,245.33999633789062,109498600,0.012922436522360333,0.3563722271214096,0.2647678632480504,277.6530944186464,1589.4986981251436,1.3478319352962231,1.5143547593410107
2023-08-11,241.77000427246094,243.7899932861328,238.02000427246094,242.64999389648438,99038600,-0.011024937980288016,0.3608341915543806,0.24470126972461478,273.41595183091835,1720.8983064488812,1.3441479924919173,1.5306726188584512
2023-08-14,235.6999969482422,240.66000366210938,233.75,239.75999450683594,98595300,-0.011981650600334395,0.3524653295885589,0.20787039698759874,281.4512283536083,2017.7630987074995,1.351086713240541,1.5633674250031715
2023-08-15,238.72999572753906,240.5,232.61000061035156,232.9600067138672,88197600,-0.028771606269163794,0.30290729822795676,0.1686280098976924,329.21239377423416,2501.4368841775818,1.3886356826684765,1.607512115027217
2023-08-16,228.02000427246094,233.97000122070312,225.3800048828125,225.60000610351562,112484500,-0.03210324714965498,0.29491864741535634,0.11401692571975547,339.8906780653811,3710.4993342758225,1.3962825329693507,1.6885184525452337
2023-08-17,226.05999755859375,226.74000549316406,218.8300018310547,219.22000122070312,120718400,-0.02868774932252366,0.275981758200679,0.05581226870637936,367.6728400624955,7578.117610960012,1.4151043349011705,1.8352248355786782
2023-08-18,214.1199951171875,217.5800018310547,212.36000061035156,215.49000549316406,136276600,-0.017161267109647337,0.2577990822622046,0.09026933619254408,397.6743700238071,4635.82136824009,1.4338951126555324,1.734259666407972
2023-08-21,221.5500030517578,232.1300048828125,220.5800018310547,231.27999877929688,135702700,0.07071456218373605,0.2853787112685486,0.17247739709058904,365.5239840878995,2470.881768035003,1.4137001469736685,1.604987172980757
2023-08-22,240.25,240.82000732421875,229.5500030517578,233.19000244140625,130442800,0.00822448994977978,0.27632551537488104,0.10832387301025416,375.3699894233174,3857.241124486692,1.420067615857064,1.6964867031506083
2023-08-23,229.33999633789062,238.97999572753906,229.2899932861328,236.86000061035156,101077600,0.015615669490355368,0.27373492890280426,0.10037234428709661,378.3072846350079,4152.514340131811,1.4219348622727181,1.7116405399195065
2023-08-24,238.66000366210938,238.9199981689453,228.17999267578125,230.0399932861328,99777400,-0.02921607421029239,0.19719425580491654,0.12978751329043664,519.177717124961,3181.921099838281,1.4977638255674315,1.6569457278435196
2023-08-25,231.30999755859375,239.0,230.35000610351562,238.58999633789062,106612200,0.036493404628287436,0.2502372098862174,0.13571923921242837,414.30774500916937,3048.5342668083003,1.4437110534941775,1.648147797922844
2023-08-28,242.5800018310547,244.3800048828125,235.35000610351562,238.82000732421875,107673700,0.0009635784854130897,0.2667706387475626,0.19063004574697187,385.071636649143,2134.2746646611467,1.4261804191316556,1.5749004368526516
2023-08-29,238.5800018310547,257.4800109863281,237.77000427246094,257.17999267578125,134047600,0.07406603958973092,0.33228934511249203,0.24716804935944875,321.9619405791163,1675.8105204294081,1.3833008219536125,1.5252182178843372
2023-08-30,254.1999969482422,260.510009765625,250.58999633789062,256.8999938964844,121988400,-0.001089320005828064,0.28511625961828385,0.24007267208615266,364.9735149062773,1722.676879433212,1.4133391100525852,1.530884837300507
2023-08-31,255.97999572753906,261.17999267578125,255.0500030517578,258.0799865722656,108861700,0.004582681990043304,0.24916893283882652,0.27067513146379096,408.2503626363008,1517.6156633356472,1.4401827696908105,1.5048472310256693
2023-09-01,257.260009765625,259.0799865722656,242.00999450683594,245.00999450683594,132541600,-0.05197055872941742,0.18352224182923285,0.16554133057935666,567.8464030824188,2480.5030194118935,1.5192291838322864,1.6057855837606196
2023-09-05,245.0,258.0,244.86000061035156,256.489990234375,129469600,0.04579063580383254,0.21186189826564122,0.2206221968200469,500.58327356126426,1882.7245355373984,1.48902666757431,1.5491364888113817
2023-09-06,255.13999938964844,255.38999938964844,245.05999755859375,251.9199981689453,116959800,-0.017978069897591802,0.16327574554049223,0.217039216673521,644.5144157077062,1915.9514894574545,1.5495680614137692,1.5527305900933301
2023-09-07,245.07000732421875,252.80999755859375,243.27000427246094,251.49000549316406,115312900,-0.0017083203640211426,0.14469877654735377,0.2756535504009677,720.4494252577402,1480.9050943764323,1.5762493495694723,1.499816550740296
2023-09-08,251.22000122070312,256.5199890136719,246.6699981689453,248.5,118367700,-0.01196040362366716,0.1158784230039757,0.2282370176877878,896.8855218734781,1775.182250739962,1.6287248381616422,1.5370529883792836
2023-09-11,264.2699890136719,274.8500061035156,260.6099853515625,273.5799865722656,174667900,0.09615118904304938,0.19740653937487015,0.34471574946398204,553.3201068201765,1203.9466645397208,1.5130212605352409,1.4572799429634435
2023-09-12,270.760009765625,278.3900146484375,266.6000061035156,267.4800109863281,135999900,-0.022549196320499374,0.13005524372350938,0.35414658381361985,828.7445063527856,1168.4240007628857,1.6097959959548396,1.4511270919109944
2023-09-13,270.07000732421875,274.9800109863281,268.1000061035156,271.29998779296875,111673700,0.01418033641106544,0.104418972346327,0.3992184875935035,1016.2541225435347,1031.0667493701733,1.6586574914622858,1.4254340251518847
2023-09-14,271.32000732421875,276.7099914550781,270.4200134277344,276.0400085449219,107709800,0.017320639037477315,0.0997651198211914,0.46771676449737304,1060.628312723222,870.6540568015896,1.6688956507685886,1.3906927187726534
2023-09-15,277.54998779296875,278.9800109863281,271.0,274.3900146484375,133692300,-0.0059953082833390835,0.058842795195966587,0.45871877309678216,1766.2850538395046,888.5804628478637,1.7910733472664695,1.3948797431074933
2023-09-18,271.1600036621094,271.44000244140625,263.760009765625,265.2799987792969,101543300,-0.03376463807907184,0.032527203821827895,0.41897576993881525,3247.8556625638985,981.4905412439916,1.9369909255282125,1.415310450650024
2023-09-19,264.3500061035156,267.8500061035156,261.20001220703125,266.5,103704000,0.004588376260533905,0.040587524291331264,0.3744683640435355,2604.648424590522,1082.6943778669747,1.8841215428262044,1.4354717113409254
2023-09-20,267.0400085449219,273.92999267578125,262.4599914550781,262.5899963378906,122514600,-0.014780377139554338,0.007837433399960073,0.37514015228947767,13462.178105932733,1080.522725955018,2.2776131671639708,1.4350592234402153
2023-09-21,257.8500061035156,260.8599853515625,254.2100067138672,255.6999969482422,119951500,-0.026588996104119158,-0.07076426911183237,0.32836281396480854,1467.6387456187517,1236.983993612024,1.7467018801496665,1.4628415073588725
2023-09-22,257.3999938964844,257.7900085449219,244.47999572753906,244.8800048828125,127524100,-0.043236555785455495,-0.057834200632611264,0.30708947503414474,1781.2285390987138,1331.6805435529413,1.7930915633293,1.4779961114595073
2023-09-25,243.3800048828125,247.10000610351562,238.30999755859375,246.99000549316406,104636600,0.008579557642104906,-0.06890911628418718,0.2984965314521143,1484.5069085422283,1366.2738202792762,1.749439492747275,1.4832647919833706
2023-09-26,242.97999572753906,249.5500030517578,241.66000366210938,244.1199951171875,101993600,-0.011687984544270934,-0.04985858829304077,0.21151631279086724,2026.888011189372,1889.0242490081532,1.824041806395748,1.549822765747067
2023-09-27,244.25999450683594,245.3300018310547,234.5800018310547,240.5,136597200,-0.014939798128788435,-0.0022843039660842297,0.22966166133389748,42886.344304112914,1729.5030711925008,2.5551794910299472,1.5316973059013155
2023-09-28,240.02000427246094,247.5500030517578,238.64999389648438,246.3800048828125,117058900,0.0241549898062297,-0.01542551274057311,0.24823452360635517,6295.4969113583675,1609.8285399708054,2.095538653999709,1.5169657309161242
2023-09-29,250.0,254.77000427246094,246.35000610351562,250.22000122070312,128522700,0.015465456415727708,-0.023773931421885237,0.27316087454852744,4061.9542004405316,1465.786835010455,1.9905722516155249,1.4977084477199005
2023-10-02,244.80999755859375,254.27999877929688,242.6199951171875,251.60000610351562,123810400,0.005500013317318054,-0.023179171018699506,0.27133526307974787,4167.848796161961,1474.7743427090884,1.9967374291248166,1.4989642792139506
2023-10-03,248.61000061035156,250.02000427246094,244.4499969482422,246.52999877929688,101985300,-0.020356864105244222,-0.059982528669412616,0.26473187097699863,1614.8277883806138,1514.8033508607382,1.7695970976775512,1.5044661691960033
2023-10-04,248.13999938964844,261.8599853515625,247.60000610351562,261.1600036621094,129721600,0.05764957536105983,-0.0690133051389833,0.29789382417901716,1395.012939147006,1360.6451233721236,1.7345441382029874,1.48241667216232
2023-10-05,260.0,263.6000061035156,256.25,260.04998779296875,119159200,-0.0042593870629195184,-0.08273391723455344,0.2864394534443229,1159.5768383862087,1413.7233775703087,1.6902625383936805,1.4902785527282525
2023-10-06,253.97999572753906,261.6499938964844,250.64999389648438,260.5299987792969,118121800,0.0018441397469999051,-0.059637493834890795,0.22777943065908082,1587.5047513296468,1744.3205801374236,1.765509102827007,1.5334499390679872
2023-10-09,255.30999755859375,261.3599853515625,252.0500030517578,259.6700134277344,101377900,-0.0033063672235030543,-0.05528454683144011,0.28759224862374666,1707.3824183248448,1354.503412937425,1.7829483097698104,1.481487240537111
2023-10-10,257.75,268.94000244140625,257.6499938964844,263.6199951171875,122656000,0.015097007960672728,-0.02246776224428168,0.313996992441998,4193.625616888482,1242.16886485199,1.998214444853479,1.4637008300214962
2023-10-11,266.20001220703125,268.6000061035156,260.8999938964844,262.989990234375,103706300,-0.0023926822540326844,-0.02552793875890199,0.34895325553119677,3695.305030785452,1104.7123571900772,1.9679099832274125,1.4396077400488
2023-10-12,262.9200134277344,265.4100036621094,256.6300048828125,258.8699951171875,111508100,-0.015789985181823882,-0.04943927868362257,0.33564590269792804,1918.15058845707,1153.6649970187018,1.8108326508534698,1.4485155019401876
2023-10-13,258.8999938964844,259.6000061035156,250.22000122070312,251.1199951171875,102073800,-0.030395093236742683,-0.10133042169590759,0.3082272603074004,941.5772452935034,1267.854609797895,1.6403740110639775,1.4679056799919865
2023-10-16,250.0500030517578,255.39999389648438,248.47999572753906,253.9199981689453,88917200,0.011088356477393282,-0.10268683673520623,0.3070342943391373,928.2811251953392,1272.2756853954654,1.6369671000155936,1.4686208237414897
2023-10-17,250.10000610351562,257.17999267578125,247.0800018310547,254.85000610351562,93562900,0.0036559111685428645,-0.13051526613529843,0.34472283805318465,716.4939949581133,1121.7222963091747,1.5749305086205305,1.4427469634127439
2023-10-18,252.6999969482422,254.6300048828125,242.0800018310547,242.67999267578125,125147800,-0.04893148784195894,-0.18958866044089423,0.2665348109983889,506.54256959546285,1460.3759837410985,1.4918616707304286,1.496948666480903
2023-10-19,225.9499969482422,230.61000061035156,216.77999877929688,220.11000061035156,170772700,-0.09761624872658338,-0.28008894841637405,0.17377159908862663,363.87457099089295,2309.3546728347633,1.4126167127783504,1.5910978095599966
2023-10-20,217.00999450683594,218.86000061035156,210.4199981689453,211.99000549316406,138010100,-0.037588294506417,-0.21523457885918978,0.1252166678321317,453.93129877611176,3232.4855538580923,1.4655913471252837,1.6601847863344703
2023-10-23,210.0,216.97999572753906,202.50999450683594,212.0800018310547,150683400,0.00042444095402800134,-0.2037949382676013,0.14034446129722652,476.0339654818342,2870.828015890929,1.4769806462863504,1.635808817681253
2023-10-24,216.5,222.0500030517578,214.11000061035156,216.52000427246094,118231100,0.020719371046622376,-0.21725145232237636,0.18145369347551643,442.5224235207078,2220.6637954741436,1.4594935121914203,1.5830522650788377
2023-10-25,215.8800048828125,220.10000610351562,212.1999969482422,212.4199981689453,107065100,-0.01911750338776431,-0.2222204290719449,0.26487655533941895,434.08080475167986,1480.3223150927242,1.4548795572063788,1.4997356870955976
2023-10-26,211.32000732421875,214.8000030517578,204.8800048828125,205.75999450683594,115112600,-0.03185502392111438,-0.25056359141792023,0.22028019837600177,392.3312548323857,1791.2978939421018,1.4306546409466296,1.5389096456840645
2023-10-27,210.60000610351562,212.41000366210938,205.77000427246094,207.3000030517578,94881200,0.007456619810883741,-0.209876981955101,0.24318136863900422,460.4061784026667,1618.3354286032165,1.4689842364702028,1.518048503195156
2023-10-30,209.27999877929688,210.8800048828125,194.6699981689453,197.36000061035156,136448200,-0.0491375588495086,-0.3001196113943596,0.20567691465480692,323.7068396901957,1937.138176792238,1.3845956105009274,1.5549899180718747
2023-10-31,196.1199951171875,202.8000030517578,194.07000732421875,200.83999633789062,118068300,0.017479077618859314,-0.28634926952833356,0.2671806462459131,342.3994875779073,1478.3019806501673,1.3980442566490772,1.4994551085383978
2023-11-01,204.0399932861328,205.99000549316406,197.85000610351562,205.66000366210938,121661700,0.02371578467512363,-0.23856426104437692,0.2498637116535812,410.8866482431099,1571.7467512217402,1.441724735227866,1.5120474102839923
2023-11-02,212.97000122070312,219.1999969482422,211.4499969482422,218.50999450683594,125987600,0.06060741733192271,-0.15093549159888817,0.28507688233438444,663.8992776901632,1393.6597944206787,1.556666889679143,1.4873420178760948
2023-11-03,221.14999389648438,226.3699951171875,218.39999389648438,219.9600067138672,119534800,0.0066139872231546415,-0.16461710638799407,0.30689932931926717,603.3191875875609,1290.921386752406,1.5337451883062825,1.471609819838918
2023-11-06,223.97999572753906,226.32000732421875,215.0,219.27000427246094,117335800,-0.0031418755173999516,-0.14647906971897387,0.3131944411730416,669.9775380456372,1262.3613042952443,1.5588501415396214,1.4670136122944901
2023-11-07,219.97999572753906,223.1199951171875,215.72000122070312,222.17999267578125,116900100,0.013183964542986627,-0.12375631929300691,0.3245087613133132,794.9058575790449,1222.8804031959921,1.5998093271470104,1.4604856757694513
2023-11-08,223.14999389648438,224.14999389648438,217.63999938964844,222.11000061035156,106584800,-0.0003150737899407528,-0.11708742766564287,0.32052694625735967,836.4787502406982,1236.7125220894438,1.6120212816510833,1.4627964154288007
2023-11-09,219.75,220.8000030517578,206.67999267578125,209.97999572753906,142110500,-0.056160489658582134,-0.14271028441576977,0.21086096613830516,697.9639292233561,1881.5470936384386,1.5686535533777457,1.549007966210001
2023-11-10,210.02999877929688,215.3800048828125,205.69000244140625,214.64999389648438,130994000,0.021996498496030296,-0.13363622244209983,0.22273600467930973,749.7701076002331,1788.164394809446,1.5858055825539943,1.5385499519601178
2023-11-13,215.60000610351562,225.39999389648438,211.61000061035156,223.7100067138672,140447600,0.04134183399945281,-0.08126945046235894,0.2795647410920218,1257.1395836897861,1436.6966755069075,1.7096147975994789,1.4935902058905648
2023-11-14,235.02999877929688,238.13999938964844,230.72000122070312,237.41000366210938,149771600,0.059438019477541446,-0.009849780384483043,0.3426155492040758,10685.690745326208,1193.4864458877464,2.222280831207896,1.4554872001866976
2023-11-15,239.2899932861328,246.6999969482422,236.4499969482422,242.83999633789062,150354000,0.022614155469065075,0.04153598135374583,0.3444432795817026,2524.352847305577,1187.8432337870374,1.8766203287503171,1.4545134924440002
2023-11-16,239.49000549316406,240.8800048828125,230.9600067138672,233.58999633789062,136816800,-0.03883534904080814,0.034803879462592655,0.3297225268779489,3025.2104375907197,1246.6795060022964,1.9199790091328532,1.464445495594301
2023-11-17,232.0,237.38999938964844,226.5399932861328,234.3000030517578,142532800,0.0030349323976646067,0.06652656118278093,0.3425083193834599,1557.5978147144804,1197.5920674337783,1.7609530634799724,1.456192715533996
2023-11-20,234.0399932861328,237.10000610351562,231.02000427246094,235.60000610351562,116320100,0.005533119144943252,0.08922094743737158,0.34702002969957607,1152.9332478033748,1183.7119863669457,1.6888860971468438,1.4537977292451916
2023-11-21,235.0399932861328,243.6199951171875,233.33999633789062,241.1999969482422,122288000,0.023490974516940124,0.04199735977057567,0.3273760710391243,2376.2508892913993,1246.939193641179,1.8621365880694682,1.4644882855852814
2023-11-22,242.0399932861328,244.00999450683594,231.39999389648438,234.2100067138672,117950600,-0.02940827473431172,0.004364595086484105,0.28069011046136516,23180.43426915366,1459.9553576048074,2.407793815358702,1.4968894851005998
2023-11-24,233.75,238.75,232.3300018310547,235.4499969482422,65125200,0.005280386261856706,-0.005970688142014549,0.2677642407607897,16832.467835098418,1524.1567222498336,2.3311361118107436,1.5057308051297458
2023-11-27,236.88999938964844,238.3300018310547,232.10000610351562,236.0800018310547,112031800,0.0026721746625813217,0.025917560730859195,0.22311181653577572,3811.1635450188323,1803.1759080762033,1.9753054234705745,1.5402674308436988
2023-11-28,236.67999267578125,247.0,234.00999450683594,246.72000122070312,148549900,0.04408335693193017,0.03350751303450211,0.28374472292071945,2962.6015344911743,1430.473290141493,1.9149692017678779,1.492698349560039
2023-11-29,249.2100067138672,252.75,242.75999450683594,244.13999938964844,135401300,-0.010512266581044115,0.02203166796804474,0.2888023067156076,4533.9315390962665,1403.1458615127906,2.016905521014233,1.4887356448057916
2023-11-30,245.13999938964844,245.22000122070312,236.91000366210938,240.0800018310547,132353200,-0.01676961998268328,-0.06880399160436934,0.26348535350812274,1397.6777326775034,1542.0236963165833,1.7350013086211933,1.5081251085093406
2023-12-01,233.13999938964844,240.19000244140625,231.89999389648438,238.8300018310547,121331700,-0.005220199323597404,-0.07293487092213861,0.21218138869614545,1322.197639087619,1889.8377355550776,1.721701903686471,1.5499112182879835
2023-12-04,235.75,239.3699951171875,233.2899932861328,235.5800018310547,104099800,-0.01370144313218934,-0.09121899604437128,0.1579499367944552,1063.6713603760224,2516.624505680454,1.6695819768868878,1.608755701768471
2023-12-05,233.8699951171875,246.66000366210938,233.6999969482422,238.72000122070312,137971100,0.013240755825754019,-0.026007681489199828,0.1575145603400331,3633.910868416323,2523.2212299012303,1.9638965413317138,1.6092935160058086
2023-12-06,242.9199981689453,246.57000732421875,239.1699981689453,239.3699951171875,126436200,0.002719129460769398,-0.0690791878322629,0.14278271043337834,1327.6060618474985,2770.1459159876117,1.722679804462581,1.628474406442861
2023-12-07,241.5500030517578,244.0800018310547,236.97999572753906,242.63999938964844,107142300,0.013568409275163595,-0.03753270865950751,0.12574303688098468,2435.8306085110557,3127.917015326452,1.8680689129906565,1.6534289903038937
2023-12-08,240.27000427246094,245.27000427246094,239.27000427246094,243.83999633789062,103126800,0.004933396614923965,-0.030890991680562366,0.11380778486679129,2966.332433643544,3442.3146212322363,1.9152706926706133,1.6731056476342219
2023-12-11,242.74000549316406,243.44000244140625,237.4499969482422,239.74000549316406,97913900,-0.016957231787828677,-0.03588781984472394,0.07999060315925197,2562.3664172972803,4897.760899738258,1.8802008498001368,1.7455517792234005
2023-12-12,238.5500030517578,238.99000549316406,233.8699951171875,237.00999450683594,95328300,-0.011452714531076777,-0.14349172341885005,0.05391481595602011,602.4901050529883,7258.908242601991,1.5334157633729593,1.8263835227446021
2023-12-13,234.19000244140625,240.3000030517578,228.1999969482422,239.2899932861328,146286300,0.009573866272891631,-0.1113686608254591,0.01868658289805032,768.69872035125,20698.43554352267,1.5917783094973388,2.0416524012191815
2023-12-14,241.22000122070312,253.8800048828125,240.7899932861328,251.0500030517578,160829200,0.04797595720291628,-0.07757304003360824,0.02684593231271873,1131.9095187863159,14447.020969510035,1.6844774743057176,1.9677813497776788
2023-12-15,251.2100067138672,254.1300048828125,248.3000030517578,253.5,135932800,0.009711688394547188,-0.08518199067653832,0.014583129144653068,1024.9946019105041,26486.05651261513,1.660709027915175,2.0923064454551845
2023-12-18,253.77999877929688,258.739990234375,251.36000061035156,252.0800018310547,116416500,-0.0056173183184346845,-0.08480400071163391,-0.02596120551566722,1029.2735076559827,14731.185024601442,1.661706988714625,1.9717830564214687
2023-12-19,253.47999572753906,258.3399963378906,253.00999450683594,257.2200012207031,106737400,0.020185249870892544,-0.03085411276166952,0.0016730910601584663,2800.399794659884,229572.100091308,1.9014808537340628,2.535980494109674
2023-12-20,256.4100036621094,259.8399963378906,247.0,247.13999938964844,125097000,-0.0399767793773106,-0.07541926839951399,-0.034831744108182836,1176.1463499605404,11163.398987106943,1.693661395277724,1.914808380540273
2023-12-21,251.89999389648438,254.8000030517578,248.5500030517578,254.5,109594200,0.029345860784192233,-0.03129303047576747,-0.023455597075807383,2864.882445664939,16640.78534215824,1.9069343792159776,1.9968244720681836
2023-12-22,256.760009765625,258.2200012207031,251.3699951171875,252.5399932861328,93370100,-0.007731210565404946,-0.012435244937053207,-0.0831995140488856,7110.844866287122,4622.1779772080445,2.1247133459776095,1.7336541492456936
2023-12-26,254.49000549316406,257.9700012207031,252.91000366210938,256.6099853515625,86892400,0.01598774007390915,0.046789050922311406,-0.011045149710299748,1852.0128725050974,34344.460379077645,1.802427010076327,2.145685073430086
2023-12-27,258.3500061035156,263.3399963378906,257.5199890136719,261.44000244140625,106494400,0.018647455510860632,0.056856948791067057,-0.012052167493120073,1535.5790245220405,31463.94990868436,1.7575424437679188,2.1276886332301346
2023-12-28,263.6600036621094,265.1300048828125,252.7100067138672,253.17999267578125,113619900,-0.032104151730159784,0.03644078160517815,-0.01341780668786256,2432.3130548982035,28274.83926513151,1.8677227228675466,2.1057329374031815
2023-12-29,255.10000610351562,255.19000244140625,247.42999267578125,248.47999572753906,100891600,-0.018738327073791184,0.032642252660175404,0.030357948694091183,2722.921550044662,12309.64196414898,1.8947596786670455,1.9348888497162164
2024-01-02,250.0800018310547,251.25,244.41000366210938,248.4199981689453,104654200,-0.00024148746074577508,0.008245775393199872,-0.007179737347373394,10590.62506480051,51377.69655036461,2.2201400736702093,2.228429926572829
2024-01-03,244.97999572753906,245.67999267578125,236.32000732421875,238.4499969482422,121082600,-0.04096122279932548,-0.04818090382185334,-0.07195483524373866,1846.89645304061,5157.506381452803,1.8017642902055395,1.7561680496087084
2024-01-04,239.25,242.6999969482422,237.72999572753906,237.92999267578125,102629300,-0.0021831499656647054,-0.05586406710483604,-0.07904323812353563,1589.027596011348,4690.516954571375,1.7657387915220315,1.7366693890435887
2024-01-05,236.86000061035156,240.1199951171875,234.89999389648438,237.49000549316406,92488900,-0.0018509415250833076,-0.03735814452467502,-0.09734067319408776,2343.97774304519,3789.3330166779624,1.8588607509714667,1.6928375918885725
2024-01-08,236.13999938964844,241.25,235.3000030517578,240.4499969482422,85166600,0.012386614576639277,-0.08262110530909561,-0.151634410448079,1024.2487863086028,2385.9890369731106,1.6605346565373575,1.597804614857715
2024-01-09,238.11000061035156,238.9600067138672,232.0399932861328,234.9600067138672,96705700,-0.023096839566935645,-0.10145855781311179,-0.1841924750476651,846.1484481891872,1973.862779966283,1.614774667290121,1.5588482795786196
2024-01-10,235.10000610351562,235.5,231.2899932861328,233.94000244140625,91628500,-0.004350632806278706,-0.10765333036639028,-0.1672908242012811,798.9713184459346,2160.1510899463733,1.6010313888475083,1.5773762929531012
2024-01-11,230.57000732421875,230.92999267578125,225.3699951171875,227.22000122070312,105873600,-0.029145966144498332,-0.13349292928738551,-0.18877747611882567,656.8999399137596,1929.0792973441448,1.5541278968568792,1.5541334523804098
2024-01-12,220.0800018310547,225.33999633789062,217.14999389648438,218.88999938964844,123043800,-0.03734939877742937,-0.1859393360254877,-0.20840709826976936,479.3923896698538,1759.62611115402,1.4786647831385213,1.535244733177093
2024-01-16,215.10000610351562,223.49000549316406,212.17999267578125,219.91000366210938,115355000,0.004649070658851298,-0.17889758311260373,-0.2044255218715057,499.0820240483584,1796.4301787520117,1.4883071592082702,1.5394974225490257
2024-01-17,214.86000061035156,215.6699981689453,212.00999450683594,215.5500030517578,103164400,-0.020025473044372827,-0.18313307097515252,-0.23257234965877507,489.04260771346344,1585.6730721315985,1.483439177451367,1.5138597009149106
2024-01-18,216.8800048828125,217.4499969482422,208.74000549316406,211.8800048828125,108595400,-0.017172815629643214,-0.16991079336805318,-0.2712412150639607,522.0411533931397,1357.5432909430738,1.4990814263501322,1.481947794087402
2024-01-19,209.99000549316406,213.19000244140625,207.55999755859375,212.19000244140625,102260300,0.0014620115002590317,-0.17953713834518728,-0.2822239750803935,490.5654336037774,1299.6554698469793,1.4841839703352777,1.4729951185983026
2024-01-22,212.25999450683594,217.8000030517578,206.27000427246094,208.8000030517578,117952500,-0.016105240597581734,-0.19929829011131187,-0.32981355624661035,445.9843608469112,1106.063237940976,1.4613603126937722,1.4398588092075193
2024-01-23,211.3000030517578,215.64999389648438,207.75,209.13999938964844,106605900,0.0016270106278732431,-0.14873979164147966,-0.33832845208237383,576.9076893767156,1074.9545633595033,1.5230216697453394,1.433997795818965
2024-01-24,211.8800048828125,212.72999572753906,206.77000427246094,207.8300018310547,123369900,-0.006283434610725192,-0.05740697752562141,-0.3374959259419954,1391.3377787757822,1077.285552610028,1.7339121950321787,1.4344428067513582
2024-01-25,189.6999969482422,193.0,180.05999755859375,182.6300048828125,198076800,-0.12925817170128795,-0.14907685472049226,-0.364311433579682,575.7502650248599,1007.5596515547473,1.5225405761578938,1.4206959539689357
2024-01-26,185.5,186.77999877929688,182.10000610351562,183.25,107343200,0.003389065826718794,-0.14611222984780156,-0.3499071681154028,588.7511217967714,1046.203499205854,1.5278897568302439,1.4284281388006852
2024-01-29,185.6300048828125,191.47999572753906,183.6699981689453,190.92999267578125,125013100,0.04105548959785763,-0.12577611129656638,-0.34302756361894254,694.4529134868844,1069.7929005837498,1.5674454567088025,1.4330089347828663
2024-01-30,195.3300018310547,196.36000061035156,190.61000061035156,191.58999633789062,109982300,0.0034508226289791306,-0.10320778527982287,-0.32542821435176783,836.4412864162789,1123.3744789802402,1.6120105522819994,1.4430493371284503
2024-01-31,187.0,193.97000122070312,185.85000610351562,187.2899932861328,103221400,-0.022699471099276523,-0.09405223245798496,-0.3446158238759053,911.5375522054616,1068.0651162250933,1.6326067398368433,1.4326768631821483
2024-02-01,188.5,189.8800048828125,184.27999877929688,188.86000061035156,91843300,0.008347821172369478,-0.09316103109649933,-0.3030380130516004,920.8793508719649,1203.932979908227,1.6350493110519422,1.4572776077891916
2024-02-02,185.0399932861328,188.69000244140625,182.0,187.91000366210938,110612700,-0.005042858776994556,-0.04906633102398528,-0.3491859424183448,1690.0369888561224,1031.3971062201113,1.780502194459916,1.425499839098622
2024-02-05,184.25999450683594,184.67999267578125,175.00999450683594,181.05999755859375,134294400,-0.03713468972636411,-0.10368009836920869,-0.39002936789754217,812.1281755070955,934.5315367516948,1.6049440902692396,1.405238204914773
2024-02-06,177.2100067138672,186.49000549316406,177.11000061035156,185.10000610351562,122676000,0.02206779799027196,-0.10532808505406022,-0.34389234609843716,798.404432657295,1059.1528521513221,1.6008613587676026,1.4309553927950303
2024-02-07,188.17999267578125,189.7899932861328,182.67999267578125,187.5800018310547,111535200,0.013309178288648728,-0.15262632409733423,-0.3035618156962224,530.8391257656488,1193.9972613968012,1.5030850290121611,1.4555751114713247
2024-02-08,189.0,191.6199951171875,185.5800018310547,189.55999755859375,83034000,0.010500153377802503,-0.1487401579426862,-0.3133572643306804,546.4067429861291,1152.609527195467,1.5100093118788727,1.4483274595290037
2024-02-09,190.17999267578125,194.1199951171875,189.47999572753906,193.57000732421875,84476300,0.02093365777497024,-0.124664624650316,-0.27114369436928987,661.2067483511146,1331.8899266678447,1.5556933634178125,1.4780284111549615
2024-02-12,192.11000061035156,194.72999572753906,187.27999877929688,188.1300048828125,95498600,-0.02850600281752684,-0.1663545920108295,-0.2901109113038365,501.4891538543275,1253.3113345421584,1.4894597884097232,1.4655354713857474
2024-02-13,183.99000549316406,187.25999450683594,182.11000061035156,184.02000427246094,86759500,-0.022088768605910858,-0.18812828682679963,-0.3052157144924425,450.9705328281604,1197.7198435994148,1.46402372487856,1.4562146339285045
2024-02-14,185.3000030517578,188.88999938964844,183.35000610351562,188.7100067138672,81203000,0.02516701014711292,-0.10680078702110452,-0.24951107143687426,775.5161726075897,1462.3188252362074,1.5938935241606798,1.4972217999545436
2024-02-15,189.16000366210938,200.8800048828125,188.86000061035156,200.4499969482422,120831800,0.06035334314528131,-0.0684439423718534,-0.20208016481395327,1246.5519887903597,1836.0572650441445,1.7075887187836893,1.5439799835626873
2024-02-16,202.05999755859375,203.1699981689453,197.39999389648438,199.9499969482422,111346700,-0.0024975038337594173,-0.11228328020506563,-0.19355273066742468,737.3675837783491,1911.2217482715528,1.5818097597924359,1.5522228044261608
2024-02-20,196.1300048828125,198.60000610351562,189.1300048828125,193.75999450683594,104545800,-0.031447068575792124,-0.20316836825839923,-0.21301814864288235,398.5592831651601,1748.4552137862304,1.4344275856082782,1.5339363322635493
2024-02-21,193.36000061035156,199.44000244140625,191.9499969482422,194.77000427246094,103500300,0.00519914572330688,-0.22058337800415737,-0.1790473966504116,361.96137852201974,2063.075362530982,1.411353843342781,1.5679299490613314
2024-02-22,194.0,198.32000732421875,191.36000061035156,197.41000366210938,92739500,0.013463405650618309,-0.16828462331273078,-0.13348074385013828,464.65022009619867,2749.1987441417123,1.471182358180789,1.6269149942426235
2024-02-23,195.30999755859375,197.57000732421875,191.5,191.97000122070312,78841900,-0.027943686650054866,-0.19926324236045037,-0.13273668117766949,400.5382796245855,2763.880804895396,1.4356141282688852,1.6280092396845054
2024-02-26,192.2899932861328,201.77999877929688,192.0,199.39999389648438,111747100,0.03797371074003026,-0.16682265076536337,-0.0776017033279918,491.06757604741995,4762.446789632787,1.484429054399608,1.7397959753113617
2024-02-27,204.0399932861328,205.60000610351562,198.25999450683594,199.72999572753906,108645400,0.001653606167566249,-0.18866001911473737,-0.14666265934416176,426.702839192888,2458.676668040949,1.4507728805338478,1.6039698586279918
2024-02-28,200.4199981689453,205.3000030517578,198.44000244140625,202.0399932861328,99806200,0.011499231283567918,-0.14775251309685783,-0.14338791801037357,536.9633064862695,2517.797733485483,1.5058329175495433,1.6088514550528517
2024-02-29,204.17999267578125,205.27999877929688,198.4499969482422,201.8800048828125,85907000,-0.0007921787106965236,-0.15382507806941098,-0.15979576621142544,513.8690353704943,2247.2104842830927,1.495301713620457,1.5854936456678068
2024-03-01,200.52000427246094,204.52000427246094,198.5,202.63999938964844,82243100,0.0037575170226514664,-0.15273973570934066,-0.12682217497848153,517.9823794332091,2805.3856417486895,1.497211643542348,1.6310714126436365
2024-03-04,198.72999572753906,199.75,186.72000122070312,188.13999938964844,134334900,-0.07424463938175002,-0.271067732023021,-0.23756021898851878,299.1022741470254,1518.3214209587602,1.365658047594014,1.5049427487089033
2024-03-05,183.0500030517578,184.58999633789062,177.57000732421875,180.74000549316406,119660800,-0.04012679843323044,-0.30068226387520725,-0.27865059590716246,276.04527981338674,1312.6976694964828,1.3464406980372527,1.4750464863755783
2024-03-06,179.99000549316406,181.5800018310547,173.6999969482422,176.5399932861328,107920900,-0.023512123304642613,-0.30742476719716666,-0.37622875880153595,271.41659126236635,954.7701241083605,1.3423897964816256,1.4096398646184887
2024-03-07,174.35000610351562,180.0399932861328,173.6999969482422,178.64999389648438,102129000,0.01188110874296599,-0.29032345913060337,-0.3632583300527419,288.8955020917195,992.7230332682163,1.3573405321372944,1.4176482521511866
2024-03-08,181.5,182.72999572753906,174.6999969482422,175.33999633789062,85544600,-0.018701625030085045,-0.2953236410284992,-0.3865426370728703,285.1046838806191,937.6724301613891,1.3541763279738324,1.405927525751217
2024-03-11,175.4499969482422,182.8699951171875,174.8000030517578,177.77000427246094,85391500,0.013763678693560029,-0.2948007181606932,-0.320808399649893,285.72570592720507,1114.3208215576035,1.3546975675245767,1.4413868953707012
2024-03-12,177.77000427246094,179.42999267578125,172.41000366210938,177.5399932861328,87391700,-0.0012947061441473569,-0.29881455376560995,-0.36789374159787286,281.5778372519623,955.9798627645999,1.3511944516798962,1.4099000055630753
2024-03-13,173.0500030517578,176.0500030517578,169.14999389648438,169.47999572753906,106524500,-0.04646099727496628,-0.35884396031573984,-0.3963766689752473,240.43200819878328,896.6264086192779,1.313351393849151,1.3967316214542473
2024-03-14,167.77000427246094,171.1699981689453,160.50999450683594,162.5,126325700,-0.042056898779332184,-0.4058342557099961,-0.4367252473905584,218.53897348867838,825.7986148330375,1.2904802594259095,1.3798260709707428
2024-03-15,163.16000366210938,165.17999267578125,160.75999450683594,163.57000732421875,97146800,0.006563076277915342,-0.382313947644252,-0.418201767488976,230.21650683578792,860.6980643913214,1.3029505526330214,1.3883299299798726
2024-03-18,170.02000427246094,174.72000122070312,165.89999389648438,173.8000030517578,108214400,0.060664152342604714,-0.3101970807705704,-0.4536888041894203,294.050881370071,783.2067570337882,1.3615777480059255,1.3689470072522039
2024-03-19,172.36000061035156,172.82000732421875,167.4199981689453,171.32000732421875,77271400,-0.014372034891457558,-0.3341429819349194,-0.4455116427603786,273.9115016847561,795.1960668208707,1.344581780454936,1.3720680926160114
2024-03-20,173.0,176.25,170.82000732421875,175.66000366210938,83846700,0.025017133837829976,-0.35710180530000585,-0.434674845333614,252.12217105664686,818.2619572532511,1.3247246645493116,1.3779424870530965
2024-03-21,176.38999938964844,178.17999267578125,171.8000030517578,172.82000732421875,73178000,-0.016299696542812377,-0.3831131902373655,-0.4682951809139038,236.12213120116135,759.2330258305558,1.3090182637492354,1.3625602067509515
2024-03-22,166.69000244140625,171.1999969482422,166.3000030517578,170.8300018310547,75580600,-0.01158171211632812,-0.38907758403525905,-0.47388158474689296,233.49890174796818,751.8152448901535,1.306341990114252,1.3605431407183985
2024-03-25,168.75999450683594,175.24000549316406,168.72999572753906,172.6300048828125,74228600,0.010481683435756076,-0.3987811504703954,-0.42963526323206497,226.23550948253643,822.196513676265,1.2987718157205115,1.3789279773024536
2024-03-26,178.5800018310547,184.25,177.3800048828125,177.6699981689453,113186200,0.0287772826285837,-0.3300270884645012,-0.40544635686401514,271.16104279925065,879.0045030030103,1.3421641395511048,1.3926537325088486
2024-03-27,181.41000366210938,181.91000366210938,176.0,179.8300018310547,81804000,0.012084083617363902,-0.3472888656313295,-0.37858189610709686,254.4523671484473,940.4534630758741,1.3269285521106993,1.4065359446669514
2024-03-28,177.4499969482422,179.57000732421875,175.3000030517578,175.7899932861328,77654800,-0.02272190773999231,-0.36227956280591683,-0.37471480774297017,246.61305365547895,948.8174110490127,1.3194320909278037,1.4083549789839058
2024-04-01,176.1699981689453,176.75,170.2100067138672,175.22000122070312,81562100,-0.0032477284143495326,-0.38151503129417547,-0.3347259803718641,232.00860055869308,1046.6393609989943,1.3048081287601843,1.4285137110895145
2024-04-02,164.75,167.69000244140625,163.42999267578125,166.6300048828125,116650600,-0.05026651935105258,-0.45042900615608883,-0.39357205736502165,201.07498943106376,903.917553522819,1.2705284817430387,1.398395475915052
2024-04-03,164.02000427246094,168.82000732421875,163.27999877929688,168.3800048828125,82950100,0.010447544054431742,-0.40787731037149727,-0.3714365287663191,218.6008534579876,957.3518122886849,1.290548080860954,1.4101946300968073
2024-04-04,170.07000732421875,177.19000244140625,168.00999450683594,171.11000061035156,123162000,0.016083269202606634,-0.37305571409509924,-0.34041346143492396,238.5427860489641,1045.035304140747,1.3114616198049502,1.4281986123476396
2024-04-05,169.0800018310547,170.86000061035156,160.50999450683594,164.89999389648438,143157600,-0.03696743555877544,-0.40978166219312906,-0.4015358867999293,222.98932443452534,890.1065008173614,1.295309598325423,1.3952322656434673
2024-04-08,169.33999633789062,174.5,167.7899932861328,172.97999572753906,104423300,0.04783676362708771,-0.32098367576671577,-0.3691645795885692,286.0701434506686,979.55760948837,1.3549861744646525,1.4149054559255174
2024-04-09,172.91000366210938,179.22000122070312,171.9199981689453,176.8800048828125,102951700,0.022295607975213145,-0.29650491782583804,-0.35236898493067415,314.0964966970011,1032.4444430506828,1.3773758593227712,1.425708351084108
2024-04-10,173.0399932861328,174.92999267578125,170.00999450683594,171.75999450683594,84532400,-0.02937344256551801,-0.32402741886627284,-0.36138556339094796,292.93853848007234,1009.9284325868061,1.360669830922379,1.4211783848499095
2024-04-11,172.5500030517578,175.8800048828125,168.50999450683594,174.60000610351562,94516000,0.016399556773736196,-0.3200144766691759,-0.40263558197827154,297.42704375015984,893.1427555699102,1.3643125554956255,1.3959318619973562
2024-04-12,172.33999633789062,173.80999755859375,170.36000061035156,171.0500030517578,64722700,-0.020541749097701737,-0.31745938619994185,-0.4189179440130536,299.297746429287,863.4811791013135,1.3658145535456525,1.3889931689451895
2024-04-15,170.24000549316406,170.69000244140625,161.3800048828125,161.47999572753906,100245300,-0.05757465973833702,-0.3706834131320001,-0.47833674349839056,265.6564527422876,771.3660571910567,1.3372510938910078,1.3658173580295012
2024-04-16,156.74000549316406,158.19000244140625,153.75,157.11000061035156,97000000,-0.02743506868222295,-0.3689725156697249,-0.5024654449571105,266.5868814360422,740.567262418134,1.3380886435476755,1.3574462657885755
2024-04-17,157.63999938964844,158.3300018310547,153.77999877929688,155.4499969482422,82439700,-0.01062208397137564,-0.3422452008636712,-0.5281845368891588,282.3296180100399,703.40514150825,1.351833186930913,1.3468693639976224
2024-04-18,151.25,152.1999969482422,148.6999969482422,149.92999267578125,96098800,-0.036155647217109545,-0.383049918739632,-0.5619475018522357,257.600588003172,668.953777922543,1.3298742828399321,1.3365524235448931
2024-04-19,148.97000122070312,150.94000244140625,146.22000122070312,147.0500030517578,87074500,-0.01939578390268632,-0.38242022959794564,-0.5655533005730982,257.91772211261883,665.5175698037542,1.3301690208677492,1.3354944078075215
2024-04-22,140.55999755859375,144.44000244140625,138.8000030517578,142.0500030517578,107097600,-0.0345935559693179,-0.39984096993762036,-0.5697517633056735,249.5124565282297,661.5713765591462,1.322232098520211,1.3342726065756485
2024-04-23,143.3300018310547,147.25999450683594,141.11000061035156,144.67999267578125,124545100,0.018345226676437152,-0.38295775476144217,-0.5624948931066295,263.37816733610265,671.7836128005147,1.3351877862896901,1.3374196629051163
2024-04-24,162.83999633789062,167.97000122070312,157.50999450683594,162.1300048828125,181178000,0.11387415621830609,-0.25297835794555434,-0.4522766480568662,423.82159486796735,867.175488751228,1.4491498293629008,1.3898702586144687
2024-04-25,158.9600067138672,170.8800048828125,158.36000061035156,170.17999267578125,126427500,0.04845814470471284,-0.20614722386871479,-0.35488701551019447,534.8687834708815,1104.9761517982995,1.504896658146044,1.4396567919473253
2024-04-26,168.85000610351562,172.1199951171875,166.3699951171875,168.2899932861328,109815700,-0.011168015552988686,-0.21103180481097836,-0.2684387823365997,523.9931142457513,1418.958226130865,1.4999754787099235,1.4910378779338813
2024-04-29,188.4199981689453,198.8699951171875,184.5399932861328,194.0500030517578,243869700,0.14242723171122051,0.06065359860153024,-0.08842325611896208,1837.2397364340434,4461.863287582429,1.8005084567074934,1.7264021078408036
2024-04-30,186.97999572753906,190.9499969482422,182.83999633789062,183.27999877929688,127031800,-0.05710084205665045,0.00016369071816104696,-0.14594853912964056,702095.1966887147,2753.713156608188,3.224862335776833,1.6272520717204684
2024-05-01,182.0,185.86000061035156,179.00999450683594,179.99000549316406,92829700,-0.018113707174260838,-0.05900550605395749,-0.18478161735052384,1922.451965789985,2173.168964767105,1.811369244610577,1.578610652250226
2024-05-02,182.86000061035156,184.60000610351562,176.02000427246094,180.00999450683594,89148000,0.00011105007606901516,-0.06234527860686761,-0.16555306388669047,1815.986204887258,2410.65207605133,1.7977210731797484,1.599917296966175
2024-05-03,182.10000610351562,184.77999877929688,178.4199981689453,181.19000244140625,75491500,0.006533843535574036,-0.03311196397201693,-0.12716419643000193,3387.518789072034,3112.504107418772,1.9470768968604362,1.6524141620963564
2024-05-06,183.8000030517578,187.55999755859375,182.1999969482422,184.75999450683594,84390300,0.019511437908750914,-0.021948347235635345,-0.11510937833213467,5143.577963941414,3452.075024774763,2.04712779761577,1.6736873397818302
2024-05-07,182.39999389648438,183.25999450683594,177.39999389648438,177.80999755859375,75045900,-0.03834210509362018,-0.05524759355226094,-0.10431392457624619,2082.5791459657244,3795.876750663567,1.8305350904290942,1.693192061582298
2024-05-08,171.58999633789062,176.05999755859375,170.14999389648438,174.72000122070312,79969500,-0.017530851194269642,-0.03564375502016653,-0.13932385338937517,3192.234842478483,2842.0799597583177,1.9328528970600647,1.6337411731206208
2024-05-09,175.00999450683594,175.6199951171875,171.3699951171875,171.97000122070312,65950300,-0.015864649448707815,-0.07357620245914641,-0.17890428751320658,1540.987822793602,2207.5987643709227,1.7583847541118978,1.5818399952215059
2024-05-10,173.0500030517578,173.05999755859375,167.75,168.47000122070312,72627200,-0.020562350450525728,-0.10744773119832077,-0.260074055295655,1059.5988110472322,1498.5847970001055,1.6686630120675057,1.5022546933165735
2024-05-13,170.0,175.39999389648438,169.0,171.88999938964844,67018900,0.020097034145307512,-0.09785085043081602,-0.24659100837350217,1169.8956623610454,1587.6321851408682,1.6923848674257493,1.5141133706492969
2024-05-14,174.5,179.49000549316406,174.07000732421875,177.5500030517578,86407400,0.03239754278801776,-0.0863869654177686,-0.21105159006808466,1333.7711012997331,1872.9972992753633,1.7237896625967433,1.548072301740617
2024-05-15,179.89999389648438,180.0,173.11000061035156,173.99000549316406,79663000,-0.020254418706909572,-0.07813538130715125,-0.2444899733179808,1467.7612512721269,1620.5908646048515,1.7467218753656695,1.518334624683344
2024-05-16,174.10000610351562,175.7899932861328,171.42999267578125,174.83999633789062,59812200,0.004873391179277019,-0.051173221521963554,-0.23930150834876313,2219.2287709409834,1658.2043349634757,1.8457595129223348,1.5230484027171798
2024-05-17,173.5500030517578,179.6300048828125,172.75,177.4600067138672,77445800,0.01487402019069651,-0.061466211478379974,-0.16826699849948454,1836.7170912399679,2326.3240027282677,1.8004402997533844,1.5926019011025396
2024-05-20,177.55999755859375,177.75,173.52000427246094,174.9499969482422,61727400,-0.014245067870223688,-0.13606462249388504,-0.20450856486573843,807.697116626852,1909.1419068505115,1.6036334675658095,1.551999114450132
2024-05-21,175.50999450683594,186.8800048828125,174.7100067138672,186.60000610351562,115266500,0.06446711975223302,-0.06909999890789267,-0.18138327911295832,1648.7269189366075,2169.1203321882754,1.774573901714219,1.5782275535320176
2024-05-22,182.85000610351562,183.8000030517578,178.1199951171875,180.11000061035156,88313500,-0.035399542384592614,-0.07305247271669324,-0.2762208409750925,1563.0400292995512,1413.0619371186813,1.7617886087587968,1.490182409457038
2024-05-23,181.8000030517578,181.89999389648438,173.25999450683594,173.74000549316406,71975500,-0.03600781828881078,-0.11425943672881103,-0.3348428147329684,1016.8657061387883,1170.8727663755974,1.6588016134101276,1.4515572053551977
2024-05-24,174.83999633789062,180.0800018310547,173.72999572753906,179.24000549316406,65584500,0.03116576011599187,-0.09655708226343747,-0.26484170557616843,1215.2102476789842,1476.5849864030843,1.7014886077733598,1.4992163554610143
2024-05-28,176.39999389648438,178.25,173.16000366210938,176.75,59736600,-0.013989415788236143,-0.08260281140161882,-0.28186605376206914,1409.5177424458936,1392.4534857228257,1.7370220895712265,1.4871641159386886
2024-05-29,174.19000244140625,178.14999389648438,173.92999267578125,176.19000244140625,54782600,-0.0031733327174769638,-0.12374985485912589,-0.29057250562448933,922.5716167909383,1349.675517267203,1.6354891304681856,1.4807536666304455
2024-05-30,178.5800018310547,182.6699981689453,175.3800048828125,178.7899932861328,77618400,0.014648923152829736,-0.11075453787386234,-0.29941455698859964,1038.4477375550716,1305.9790214873028,1.6638327658776457,1.473992289023477
2024-05-31,178.5,180.32000732421875,173.82000732421875,178.0800018310547,67314600,-0.003978997402597566,-0.1262327665600278,-0.2739852796568855,907.2445070935436,1415.1246540962075,1.6314758433487986,1.4904820859122676
2024-06-03,178.1300048828125,182.63999938964844,174.49000549316406,176.2899932861328,68568900,-0.010102569596006488,-0.1355431574453377,-0.28936823551474866,849.3911581688038,1342.0623284532853,1.6156909678606264,1.4795915332926044
2024-06-04,174.77999877929688,177.75999450683594,174.0,174.77000427246094,60056300,-0.008659479988969872,-0.14796015445695906,-0.3006998901662998,780.2626828883573,1294.076154841853,1.5953552474513581,1.472111270816359
2024-06-05,175.35000610351562,176.14999389648438,172.1300048828125,175.0,57953800,0.0013151256990527008,-0.07240038937615634,-0.3434681213991773,1529.0990786334999,1116.7519302954952,1.7565294088400356,1.4418346208248611
2024-06-06,174.60000610351562,179.72999572753906,172.72999572753906,177.94000244140625,69887000,0.016660454613497404,-0.015613136329428418,-0.31629540020463576,6992.961185749262,1215.2182793775708,2.120708694444246,1.4591943962066365
2024-06-07,176.1300048828125,179.35000610351562,175.5800018310547,177.47999572753906,56244900,-0.0025885260992180074,0.0053104608759963565,-0.30211430632117037,20303.703395785273,1266.1578806540022,2.3760513676367254,1.4676305583245686
2024-06-10,176.05999755859375,178.57000732421875,173.1699981689453,173.7899932861328,50774600,-0.02101026729322036,-0.027580915160190008,-0.3179043742907933,3930.81292615715,1209.7257846824655,1.9827105152893247,1.4582637392558997
2024-06-11,173.9199981689453,174.75,167.41000366210938,170.66000366210938,64761900,-0.01817434057762428,-0.027053630707729145,-0.3223772717362284,4006.158933283008,1194.744881475281,1.9872588844532895,1.455703709011313
2024-06-12,171.1199951171875,180.5500030517578,169.8000030517578,177.2899932861328,90389400,0.03811347747393242,-0.002703831927356737,-0.29750455008804993,40669.643754718665,1305.4995260077153,2.542465888584497,1.473916846011076
2024-06-13,188.38999938964844,191.0800018310547,181.22999572753906,182.47000122070312,118984100,0.028799010597446485,0.027389884814237132,-0.27142466895137285,4080.033990855241,1443.4297191426094,1.9916361518281769,1.4945507595584202
2024-06-14,185.8000030517578,186.0,176.9199981689453,178.00999450683594,82038200,-0.024746085007725318,0.04910479708147799,-0.3097391632342618,2247.0348786340105,1269.5699420504895,1.8487424130558283,1.4681834441109187
2024-06-17,177.9199981689453,188.80999755859375,177.0,187.44000244140625,109786100,0.051619109593938894,0.14278080545474928,-0.2630534502552467,777.1474260834209,1517.9602237412457,1.5943968874012135,1.504893869597093
2024-06-18,186.55999755859375,187.1999969482422,182.3699951171875,184.86000061035156,68982300,-0.013860022086213656,0.12235770709062031,-0.2599562405536317,910.7398265340483,1534.4968679905692,1.6323970022000682,1.507119858660523
2024-06-20,184.67999267578125,185.2100067138672,179.66000366210938,181.57000732421875,55893100,-0.017957490517488177,0.04373606423052738,-0.2664610165400431,2484.450894791285,1500.2106612556258,1.872803465697218,1.502477464208187
2024-06-21,182.3000030517578,183.9499969482422,180.69000244140625,183.00999450683594,61937300,0.007899471520701,0.06600757064268602,-0.26813541129223356,1639.8026202025842,1490.0306698735983,1.7732737001723442,1.501078637841296
2024-06-24,184.97000122070312,188.8000030517578,182.5500030517578,182.5800018310547,61992100,-0.002352322975825913,0.038638113829030055,-0.3184636914709758,2763.2346407871637,1235.9302633121356,1.8982803298906052,1.4626664253996255
2024-06-25,184.39999389648438,187.97000122070312,182.00999450683594,187.35000610351562,62905700,0.025790114652126835,0.0807279250239693,-0.3023852652133961,1330.1847128149927,1308.5594934307455,1.7231446505365156,1.4743978210896613
2024-06-26,186.5399932861328,197.75999450683594,186.36000061035156,196.3699951171875,95737100,0.047022052078927956,0.1393316892192253,-0.2497458948160336,787.2342212771582,1605.9191889935269,1.5974861424658229,1.5164662212845725
2024-06-27,195.1699981689453,198.72000122070312,194.0500030517578,197.4199981689453,72746500,0.005332819818052439,0.13418282560152164,-0.2645983248688738,814.947794074006,1508.4785935374277,1.6057743619474572,1.5036065881878964
2024-06-28,199.5500030517578,203.1999969482422,195.25999450683594,197.8800048828125,95438100,0.0023273813203096337,0.10773292429324755,-0.22229416417125356,999.0701992694862,1773.535030363747,1.6545721800966173,1.5368622661574707
2024-07-01,201.02000427246094,213.22999572753906,200.85000610351562,209.86000061035156,135691400,0.05877983360300819,0.1544286742788919,-0.19286019135243762,716.6284267308047,2064.0490962810745,1.574975450982615,1.5680268914300275
2024-07-02,218.88999938964844,231.3000030517578,218.05999755859375,231.25999450683594,205047900,0.09710195030947986,0.27425253232836394,-0.08802703047755282,421.15447276647546,4654.1510898836505,1.4476375320156811,1.7350703716265297
2024-07-03,234.55999755859375,248.35000610351562,234.25,246.38999938964844,166561500,0.06337304899541438,0.34087330973812785,-0.0406417215560477,350.30852543758306,10232.125364636247,1.4035147887910544,1.8969126339787323
2024-07-05,249.80999755859375,252.3699951171875,242.4600067138672,251.52000427246094,154501200,0.02060688228437311,0.4117467113735536,-0.03868229478253523,285.3282050368887,10757.012163211806,1.3543640656157672,1.9071900177897583
2024-07-08,247.7100067138672,259.44000244140625,244.57000732421875,252.94000244140625,157219600,0.005629789876539415,0.4069289571956613,-0.0009483531758359777,287.93673684951557,435137.73027853254,1.356544188683038,2.6673499722373055
2024-07-09,251.0,265.6099853515625,250.3000030517578,262.3299865722656,160210900,0.0364508858978897,0.4272965738909443,0.05424085979584501,277.3101831140134,7650.448068941299,1.3475358922462999,1.8371764159515738
2024-07-10,262.79998779296875,267.5899963378906,257.8599853515625,263.260009765625,128519400,0.0035389720904070512,0.4678029815401268,0.058021319346997786,248.65348365520563,7159.360710162619,1.3214059785777434,1.823546614826223
2024-07-11,263.29998779296875,271.0,239.64999389648438,241.02999877929688,221707300,-0.08822077208547265,0.3317454458275664,0.010761770060850606,358.5453939761532,39170.070825558505,1.409082314047156,2.1726950969657026
2024-07-12,235.8000030517578,251.83999633789062,233.08999633789062,248.22999572753906,155955800,0.029434316513726216,0.3388841543660795,0.04237923654024144,352.3617616539554,10030.42956518347,1.404914781651594,1.8928224960402273
2024-07-15,255.97000122070312,265.6000061035156,251.72999572753906,252.63999938964844,146912900,0.017609829570940913,0.38586742650253836,0.06184000763626555,307.4765441068261,6907.027002671579,1.3722729671780014,1.816175040675563
2024-07-16,255.30999755859375,258.6199951171875,245.8000030517578,256.55999755859375,126332500,0.015396997777534727,0.38486486750633697,0.06485039083716117,308.108186694099,6592.434477052322,1.372764577480467,1.8065979950776343
2024-07-17,252.72999572753906,258.4700012207031,246.17999267578125,248.5,115584800,-0.031919700332288976,0.3734869162717497,0.05602753007180787,319.4746002643722,7651.040903557772,1.3814429278890374,1.8371923351363277
2024-07-18,251.08999633789062,257.1400146484375,247.1999969482422,249.22999572753906,110869000,0.002933302220995548,0.43399487823108235,0.06331146509908223,266.7494499315774,6767.884310654497,1.3382346837712602,1.8119941209116723
2024-07-19,247.7899932861328,249.44000244140625,236.8300018310547,239.1999969482422,87403900,-0.04107613843938729,0.42035380847391807,0.051381292804193186,277.51518417066256,8369.49734538149,1.347712918251185,1.8556312645141242
2024-07-22,244.2100067138672,253.2100067138672,243.75,251.50999450683594,101225400,0.05018271902171053,0.4811586114670042,0.1389134106033331,247.7894046003717,3107.7195749764574,1.3205720633943405,1.6520981130031105
2024-07-23,253.60000610351562,255.75999450683594,245.6300048828125,246.3800048828125,111928200,-0.02060764898795659,0.4967066096961571,0.11365669095652503,237.9984152841649,3816.568447408251,1.3109143118185638,1.6943089092893282
2024-07-24,225.4199981689453,225.99000549316406,214.7100067138672,215.99000549316406,167942900,-0.13164294360339135,0.3844594499954521,0.0020392203975065637,326.4621310540973,219833.42862905705,1.3866260083756192,2.5270751591312917
2024-07-25,216.8000030517578,226.0,216.22999572753906,220.25,100636500,0.01953112906763447,0.4385841350324047,0.038743165094784274,283.9418566556015,11578.697593850091,1.353197277083603,1.9223124910023803
2024-07-26,221.19000244140625,222.27999877929688,215.3300018310547,219.8000030517578,94604100,-0.0020452089625195087,0.41819369939344786,0.03523594463200563,295.2528759483312,12733.338436559776,1.3625549878353227,1.941841193505832
2024-07-29,224.89999389648438,234.27000427246094,224.6999969482422,232.10000610351562,129201800,0.054450283723543685,0.35876982689868553,0.10579146895313128,333.39018994762085,4288.210270892138,1.3916565881432332,1.7182466449355336
2024-07-30,232.25,232.41000366210938,220.0,222.6199951171875,100560300,-0.04170207944562914,0.2686096027483437,0.06246237887962892,443.65947931890236,7346.275164578212,1.4601082591615655,1.8288414337956351
2024-07-31,227.89999389648438,234.67999267578125,226.7899932861328,232.07000732421875,67497000,0.04157282172336867,0.32135044002470087,0.11031863521372261,376.994999251129,4201.044022260411,1.4211024371302476,1.7140275913874985
2024-08-01,227.69000244140625,231.8699951171875,214.3300018310547,216.86000061035156,83861900,-0.06778709499652093,0.11113611331695937,0.17178971191848955,1046.427633098267,2651.277529663845,1.6656665849561882,1.6194640160670313
2024-08-02,214.8800048828125,216.1300048828125,205.77999877929688,207.6699981689453,82880100,-0.043301714320780345,0.12493524105282959,0.1250989317709904,923.6701809249956,3682.2924130513347,1.635774215323526,1.6869507261069427
2024-08-05,185.22000122070312,203.8800048828125,182.0,198.8800048828125,100308800,-0.04324862022379944,0.09980032800329088,0.04079482194933352,1172.6687516651843,11298.883836164101,1.6929520328865162,1.9172867329963375
2024-08-06,200.75,202.89999389648438,192.6699981689453,200.63999938964844,73783900,0.008810602088580683,0.10849988001580255,0.046154601408934945,1083.855548218861,10001.878719786735,1.674085192194919,1.892236885030584
2024-08-07,200.77000427246094,203.49000549316406,191.47999572753906,191.75999450683594,71159800,-0.04526769292244102,0.05669834355778745,0.023586379585770475,2118.5080481924747,19696.392691379686,1.8346326955083987,2.031457791720572
2024-08-08,195.6999969482422,200.6999969482422,192.0399932861328,198.83999633789062,65033900,0.036255901329012616,0.07344280697804902,0.05149445974241372,1650.3220976412008,9092.136265758487,1.774805565349561,1.8726452303674852
2024-08-09,197.0500030517578,200.8800048828125,195.11000061035156,200.0,58648300,0.00581690373893266,0.1176018158106018,0.06235422225834087,1012.655700592346,7510.241548912114,1.6578077495176529,1.8333764246994604
2024-08-12,199.02000427246094,199.25999450683594,194.6699981689453,197.49000549316406,64044900,-0.012629388585244743,0.12250327841962676,0.08685952339946015,969.5377596686546,5354.733291217176,1.6473841493067127,1.7638778448247519
2024-08-13,198.47000122070312,208.49000549316406,197.05999755859375,207.8300018310547,76247400,0.05103246867853809,0.18940039654687257,0.11582419408772626,639.1616098386055,4048.1610296436957,1.5475701977953071,1.7064117521446625
2024-08-14,207.38999938964844,208.44000244140625,198.75,201.3800048828125,70250000,-0.03152675190710158,0.17843599509029665,0.0709882638919759,682.430405334,6638.32649976226,1.5632618944375887,1.8080231926684658
2024-08-15,205.02000427246094,215.8800048828125,204.82000732421875,214.13999938964844,89848500,0.061436309145650216,0.2197752700906394,0.12192441965982351,566.2930195892403,3919.3540961631184,1.5185729633691776,1.6997685855201021
2024-08-16,211.14999389648438,219.8000030517578,210.8000030517578,216.1199951171875,88765100,0.00920378250292453,0.19658150980554634,0.1101945443877778,625.4383081794252,4322.7193549112535,1.5423707195219958,1.7198933153351408
2024-08-19,217.07000732421875,222.97999572753906,214.08999633789062,222.72000122070312,76435200,0.0300815962441386,0.24691752475659454,0.16878214344944326,500.5249164630513,2823.4320718819254,1.4889987389249806,1.6323887486721427
2024-08-20,224.8800048828125,228.22000122070312,219.55999755859375,221.10000610351562,74001200,-0.007300267158314731,0.23474386641900274,0.1835706448970392,527.1537965120522,2585.502774989715,1.5014161204337693,1.6143029587370752
2024-08-21,222.6699981689453,224.66000366210938,218.86000061035156,223.27000427246094,70146000,0.00976670507756732,0.2296365513058735,0.1681703398274936,537.4324958571407,2810.3669922633903,1.5060421461971896,1.631435881318883
2024-08-22,223.82000732421875,224.8000030517578,210.32000732421875,210.66000366210938,79514500,-0.05813634375381778,0.18574527542227948,0.04968065292839439,679.7862155778432,9507.366235479956,1.5623318916566533,1.881819689941325
2024-08-23,214.4600067138672,221.47999572753906,214.2100067138672,220.32000732421875,81525200,0.044835591431516886,0.16611374710156337,0.09701374819367069,752.4424117861142,4925.447397845189,1.5866578820494113,1.7467098544904156
2024-08-26,218.75,219.08999633789062,211.00999450683594,213.2100067138672,59301200,-0.032803441227522996,0.16870984825863303,0.09565737554193973,739.863636966624,4997.131055836571,1.5826193085849813,1.7496782661921622
2024-08-27,213.25,215.66000366210938,206.94000244140625,209.2100067138672,62821400,-0.018939062709292416,0.1857786038381514,0.07151916710934038,665.9152897920809,6708.671963630365,1.5573932291406418,1.8101887888169812
2024-08-28,209.72000122070312,211.83999633789062,202.58999633789062,205.75,64116400,-0.01667672472989858,0.137936118992261,0.04137903672882331,890.057125058324,11605.305504717802,1.626894010314229,1.922784058108218
2024-08-29,209.8000030517578,214.88999938964844,205.97000122070312,206.27999877929688,62308800,0.0025726237078790366,0.15449815848837625,0.07189534708675742,789.8407024437927,6633.50472417839,1.5982779869916284,1.807873914216033
2024-08-30,208.6300048828125,214.57000732421875,207.02999877929688,214.11000061035156,63370600,0.03725544123667223,0.19492693244252526,0.07117707758339936,637.388941197815,6699.133565189022,1.5469048831523329,1.8098964821016565
2024-09-03,215.25999450683594,219.89999389648438,209.63999938964844,210.60000610351562,76714200,-0.016529275820300126,0.1637487334693954,0.05299419559553306,759.4959140682993,9034.170274418211,1.5888930550571407,1.8713312575240146
2024-09-04,210.58999633789062,222.22000122070312,210.57000732421875,219.41000366210938,80651800,0.040981513663141275,0.2087092445351341,0.08247647797510628,607.4079652924016,5851.259596958946,1.5353632166564586,1.7820957039053698
2024-09-05,223.49000549316406,235.0,222.25,230.1699981689453,119355000,0.047876016035803666,0.2666878301669441,0.13114467272160646,484.5625370250006,3726.511889391913,1.4812345138602567,1.6894031277057107
2024-09-06,232.60000610351562,233.60000610351562,210.50999450683594,210.72999572753906,112177000,-0.08824048544582774,0.18710682471008616,0.03914667025312716,718.3046216637429,12764.68636518513,1.5755351188088722,1.9423463471502702
2024-09-09,216.1999969482422,219.8699951171875,213.6699981689453,216.27000427246094,67443500,0.025949973905266994,0.21174167291630033,0.13934128354014405,642.2966258571436,3541.0658562535427,1.54874232145503,1.6789163247487229
2024-09-10,220.07000732421875,226.39999389648438,218.63999938964844,226.1699981689453,78891100,0.044759273955983725,0.23984049225878656,0.22422735592935814,574.6627019762503,2203.2052301599824,1.5220876388829458,1.581430718203466
2024-09-11,224.5500030517578,228.47000122070312,216.8000030517578,228.1300048828125,83548600,0.008628742512625562,0.2510577608706302,0.25636822174662655,550.5505940636679,1919.4424350763693,1.5118192083202475,1.5531045750981292
2024-09-12,224.66000366210938,231.4499969482422,223.8300018310547,229.80999755859375,71894900,0.007337206636805016,0.2794052348006555,0.25182431964046564,491.5128041424603,1951.7310212669568,1.4846461503696051,1.5565317591716294
2024-09-13,228.0,232.6699981689453,226.32000732421875,230.2899932861328,59515100,0.0020864851607279924,0.2996660605390079,0.27261242983127876,454.79137544544864,1794.9781991656696,1.466044811517707,1.5393313045448969
2024-09-16,229.3000030517578,229.9600067138672,223.52999877929688,226.77999877929688,54323000,-0.015358975945026603,0.24619360712004895,0.24348977519269205,547.5629478134306,2010.5187440581678,1.510515680643738,1.5626284984310408
2024-09-17,229.4499969482422,234.57000732421875,226.5500030517578,227.8699951171875,66761600,0.004794890315022082,0.22218948683762432,0.24957937165186156,599.6963732424213,1963.2863794413506,1.532302364149438,1.5577445109991912
2024-09-18,230.08999633789062,235.67999267578125,226.8800048828125,227.1999969482422,78010200,-0.0029445960609886415,0.24399097578436105,0.2930957728658391,540.3033133655343,1652.4927809774772,1.507318383865162,1.5223395496413163
2024-09-19,234.0,244.24000549316406,232.1300048828125,243.9199981689453,102694600,0.07100962175825201,0.2633814879486741,0.40616229340342336,505.3108211014284,1201.7425317673742,1.491278437955258,1.4569034825478417
2024-09-20,241.52000427246094,243.99000549316406,235.9199981689453,238.25,99879100,-0.023519752638904136,0.25372175739598374,0.37607946448660395,527.0237751644314,1303.7321018825967,1.501357027146272,1.4736385229625428
2024-09-23,242.61000061035156,250.0,241.9199981689453,250.0,86927200,0.048140375327935025,0.3198196232414068,0.3635556874719342,424.2369012937356,1344.164859849207,1.4493844575226453,1.4799131368170575
2024-09-24,254.0800018310547,257.19000244140625,249.0500030517578,254.27000427246094,88491000,0.016935793509053217,0.3288559452297589,0.39486351587244495,414.3657697016944,1238.4331513584314,1.443744601495253,1.4630820478976556
2024-09-25,252.5399932861328,257.04998779296875,252.27999877929688,257.0199890136719,65034300,0.010757148762662457,0.3419654169682473,0.3806035307972774,400.07835223570356,1279.9625616665328,1.4353388943390821,1.4698583401126721
2024-09-26,260.6000061035156,261.75,251.52999877929688,254.22000122070312,67142200,-0.010953821465680538,0.30522148085043993,0.3859494058744093,445.08204699950056,1260.4328419587766,1.460875152727132,1.466699524982325
2024-09-27,257.3800048828125,260.70001220703125,254.1199951171875,260.4599914550781,70988100,0.024249227064234113,0.2824486558357462,0.4217803450549715,475.7267031828874,1157.2613308431773,1.4768259717597982,1.4491549351814743
2024-09-30,259.0400085449219,264.8599853515625,255.77000427246094,261.6300048828125,80705700,0.004482044837533062,0.28159788085522697,0.4157807064567484,476.96760741781236,1172.0845216148489,1.4774500257996621,1.4517697115207957
2024-10-01,262.6700134277344,263.9800109863281,248.52999877929688,258.0199890136719,87397600,-0.013894251852425751,0.2653762476824915,0.3731091719757391,508.95630354842183,1300.947210310615,1.4930004722287495,1.4731992088473507
2024-10-02,247.5500030517578,251.16000366210938,241.5,249.02000427246094,93983900,-0.03550382703625727,0.17109258704322608,0.32552126132211795,780.583051265985,1500.4854094131324,1.595453586708789,1.5025150855032956
2024-10-03,244.47999572753906,249.7899932861328,237.80999755859375,240.66000366210938,80729200,-0.03414806745440706,0.03984256927933927,0.3140951016077032,3249.2877241414617,1559.7992497265225,1.937096528589179,1.5104797882225425
2024-10-04,246.69000244140625,250.9600067138672,244.5800018310547,250.0800018310547,86573200,0.03839570976808335,0.014865230052008283,0.3557385397901362,8599.694976840648,1390.0505177149996,2.170254321906714,1.48680927537489
2024-10-07,249.0,249.8300018310547,240.6999969482422,240.8300018310547,68113300,-0.03768957599969925,-0.04343122823206401,0.3683154831414895,2968.988549214798,1338.1450450223058,1.9154851002059556,1.478990998921547
2024-10-08,243.55999755859375,246.2100067138672,240.55999755859375,244.5,56303200,0.015124010919583781,-0.033937007189019715,0.37299195000664154,3817.7775354643136,1322.9976664495412,1.9757207949463673,1.4766521887910045
2024-10-09,243.82000732421875,247.42999267578125,239.50999450683594,241.0500030517578,66289500,-0.014210915403026646,-0.08459880848993603,0.34269776540100827,1514.4225772423895,1439.2392459640298,1.7542190110074745,1.493953463621649
2024-10-10,241.80999755859375,242.7899932861328,232.33999633789062,238.77000427246094,83087100,-0.009503630132407154,-0.0976414107127502,0.3701615708273766,1316.1019225310488,1322.8109489307992,1.7205949264495604,1.4766231921558863
2024-10-11,220.1300048828125,223.33999633789062,214.3800048828125,217.8000030517578,142628900,-0.09192353886888906,-0.10134417749616664,0.23040126833139968,1270.3909724215405,2150.096929296283,1.7121267199904406,1.5764178521183174
2024-10-14,220.1300048828125,221.91000366210938,213.74000549316406,219.16000366210938,86291900,0.006224848869363662,-0.12455364514052926,0.21433050922555025,1021.552702517656,2301.5662242580324,1.6599032524269208,1.590403769306352
2024-10-15,220.00999450683594,224.25999450683594,217.1199951171875,219.57000732421875,62988800,0.0018690482583788197,-0.14029442645309126,0.24557300004944713,899.6434513285342,1994.194351590019,1.6294603446818405,1.5609535980296005
2024-10-16,221.39999389648438,222.82000732421875,218.92999267578125,221.3300018310547,49632800,0.007983687088569507,-0.14770773714205665,0.23715713036428043,851.2289149803356,2060.3480308266794,1.6162087155478138,1.5676581793484243
2024-10-17,221.58999633789062,222.0800018310547,217.89999389648438,220.88999938964844,50791800,-0.0019899714413276278,-0.11777800825109534,0.2557089080206544,1051.0252829188066,1901.437455624149,1.6667168081942987,1.551168360810592
2024-10-18,220.7100067138672,222.27999877929688,219.22999572753906,220.6999969482422,49611900,-0.0008605378505268966,-0.12157184832261782,0.3124230299084646,1017.1181607069107,1532.6708141269257,1.658861079993947,1.5068752357791277
2024-10-21,218.89999389648438,220.47999572753906,215.72999572753906,218.85000610351562,47329000,-0.008417707909120812,-0.0889134177923514,0.33144039068156667,1366.8368598651218,1437.270218399479,1.7296561198213913,1.4936722042396686
2024-10-22,217.30999755859375,218.22000122070312,215.25999450683594,217.97000122070312,43268700,-0.004029147285192923,-0.14312528409925473,0.3380333273677496,828.1566416322438,1406.7024829619418,1.6096260080287426,1.4892557317556547
2024-10-23,217.1300048828125,218.72000122070312,212.11000061035156,213.64999389648438,80938900,-0.020018310718538105,-0.14253594582983625,0.3541706638663209,831.312038061238,1336.6845859542245,1.610537016994932,1.478766655019717
2024-10-24,244.67999267578125,262.1199951171875,242.64999389648438,260.4800109863281,204491900,0.19818699146920774,0.18729398924276283,0.571753439238215,655.7456073877245,868.6564698809042,1.553706568360289,1.3902208190598597
2024-10-25,256.010009765625,269.489990234375,255.32000732421875,269.19000244140625,161611900,0.032891334056112616,0.2006541942312408,0.6392383292636455,616.41185490385,776.6055516321653,1.5388882057190583,1.3672081078516052
2024-10-28,270.0,273.5400085449219,262.239990234375,262.510009765625,107653600,-0.02512824530239814,0.1775711578913622,0.5957648572848101,704.9907367219921,834.7552254258686,1.5710532442976897,1.3820423064584169
2024-10-29,264.510009765625,264.9800109863281,255.50999450683594,259.5199890136719,80521800,-0.01145548515134625,0.11166538901647209,0.47043521591515786,1096.0545661750348,1028.8417706215607,1.6767663851896741,1.4249902131281165
2024-10-30,258.0400085449219,263.3500061035156,255.82000732421875,257.54998779296875,53993600,-0.007619899978935549,0.1457475684831658,0.41435717123150945,824.5490411990052,1155.270047017191,1.6085801786006049,1.4488011280348623
2024-10-31,257.989990234375,259.75,249.25,249.85000610351562,66575300,-0.03035306639591626,0.07382168036388082,0.3951721203885818,1618.0440917196834,1217.6681007429197,1.770073754605354,1.4596081421028926
2024-11-01,252.0399932861328,254.0,246.6300048828125,248.97999572753906,57544800,-0.0034882074251496174,0.13812056793525204,0.24925668125221148,834.5412112372143,1858.030082950158,1.6114657532474876,1.5464240031371577
2024-11-04,244.55999755859375,248.89999389648438,238.8800048828125,242.83999633789062,68802400,-0.02496977961188894,0.1564525026441435,0.28138774369697295,729.1396965687941,1631.0211951496797,1.5791216566932489,1.5196526440672764
2024-11-05,247.33999633789062,255.27999877929688,246.2100067138672,251.44000244140625,69282500,0.03480162701711456,0.2345027498850574,0.33430307788834823,484.1166075988037,1379.343578041138,1.4810139555270336,1.4852207150218582
2024-11-06,284.6700134277344,289.5899963378906,275.6199951171875,288.5299987792969,165228700,0.13759466024737685,0.3632868080438536,0.4717866880596562,335.54105689560794,1015.2717002188547,1.3931971204764644,1.422262463895123
2024-11-07,288.8900146484375,299.75,285.5199890136719,296.9100036621094,117309200,0.028630012464395397,0.43718451343069015,0.49388285698847745,276.3505718659161,975.6649133884364,1.34670548853304,1.4140874134691677
2024-11-08,299.1400146484375,328.7099914550781,297.6600036621094,321.2200012207031,204782800,0.07869717552417867,0.4796257876258561,0.553068594603905,257.6485174658226,885.1674558167824,1.3299188507812005,1.394089124954416
2024-11-11,346.29998779296875,358.6400146484375,336.0,350.0,210521600,0.08580690404849912,0.5596157879354227,0.6772176037460245,230.11184801519778,732.0080604811749,1.3028416231668827,1.3550580057773702
2024-11-12,342.739990234375,345.8399963378906,323.30999755859375,328.489990234375,155726000,-0.06342678815128278,0.5088183883693846,0.6313216667890112,259.57405850712087,794.6744786979017,1.3317025210424769,1.3719332935424835
2024-11-13,335.8500061035156,344.6000061035156,322.5,330.239990234375,125405600,0.005313266949669512,0.4630991866405162,0.6524995831873888,278.78327089340195,766.7798564366086,1.3488050602592216,1.3645922404432633
2024-11-14,327.69000244140625,329.9800109863281,310.3699951171875,311.17999267578125,120726100,-0.059448133931949705,0.435177804615668,0.6136137997059647,300.8407010714964,823.610369936479,1.3670463527640264,1.3792809551522516
2024-11-15,310.57000732421875,324.67999267578125,309.2200012207031,320.7200012207031,114440300,0.030196972790488486,0.40393846826050656,0.6237137383511459,319.07988244666103,812.3785792137999,1.3811467681036764,1.3764599984375574
2024-11-18,340.7300109863281,348.54998779296875,330.010009765625,338.739990234375,126085600,0.054664350493325395,0.4493990362509075,0.6459805460564537,293.3775225410412,788.857139290674,1.3610285498562853,1.3704238371213557
2024-11-19,335.760009765625,347.3800048828125,332.75,346.0,88852500,0.02120595242401374,0.44052339243078253,0.687440917187377,297.97886172398904,741.4601782334883,1.3647565934436638,1.3576938228304622
2024-11-20,345.0,346.6000061035156,334.29998779296875,342.0299987792969,66340700,-0.01154032611298051,0.4362833334761168,0.6710271998951197,301.5065045535802,760.8883315071711,1.3675759388880657,1.3630076326062577
2024-11-21,343.80999755859375,347.989990234375,335.2799987792969,339.6400146484375,58011700,-0.007012172684276001,0.4195044557142736,0.6491410070201471,313.1390298158743,784.9677047632227,1.3766445001587622,1.3694084026222402
2024-11-22,341.0899963378906,361.5299987792969,337.70001220703125,352.55999755859375,89140700,0.0373345373484672,0.5149753368165587,0.7007206122388381,252.46082978099585,731.4703584112074,1.3250462282191773,1.3549070407440873
2024-11-25,360.1400146484375,361.92999267578125,338.20001220703125,338.5899963378906,95890900,-0.040430888534493496,0.42970885685054827,0.5958226039521116,301.88997292710604,855.0055737111684,1.3678804226226227,1.3869666576769817
2024-11-26,341.0,346.9599914550781,335.6600036621094,338.2300109863281,62295900,-0.001063755153845317,0.46144854292422605,0.630158391182859,276.6542825281472,801.3350326642384,1.3469686173402897,1.373648033859972
2024-11-27,341.79998779296875,342.54998779296875,326.5899963378906,332.8900146484375,57896400,-0.015914020837727676,0.46447358479579076,0.6502521886339422,274.4291430496525,772.555340980666,1.3450340693478033,1.3661338636018285
2024-11-29,336.0799865722656,345.45001220703125,334.6499938964844,345.1600036621094,37167600,0.03619593916712737,0.5173462486928169,0.6552823676850777,248.83496711999308,767.622859084633,1.3215807584173864,1.3648179815166686
2024-12-02,352.3800048828125,360.0,351.1499938964844,357.0899963378906,77986500,0.03397975234247804,0.5487533773274157,0.7032515358157918,238.3134310376193,718.9582142265758,1.3112311796936003,1.3513624415956127
2024-12-03,351.79998779296875,355.69000244140625,348.20001220703125,351.4200134277344,58267200,-0.016005713052796626,0.4954922230379469,0.6904191554804722,261.14247973275724,734.7372588942571,1.3331456326217184,1.355822548681711
2024-12-04,353.0,358.1000061035156,348.6000061035156,357.92999267578125,50810900,0.018355288553428408,0.5303767874116754,0.6941255208810706,244.19009601103102,731.5081927017718,1.3170668288561116,1.3549176667143878
2024-12-05,359.8699951171875,375.42999267578125,359.5,369.489990234375,81403600,0.03178623389945424,0.5211815076479883,0.7298907521831225,247.35157246313923,700.6164203381777,1.3201484046856484,1.3460532461998589
2024-12-06,377.4200134277344,389.489990234375,370.79998779296875,389.2200012207031,81455800,0.05202108959673976,0.5253265812089244,0.7920144113758685,245.9127328748728,652.5422343449058,1.3187508423774545,1.3314494083264141
2024-12-09,397.6099853515625,404.79998779296875,378.010009765625,389.7900085449219,96359200,0.0014634148953150045,0.6150304815500672,0.8021373062601534,200.874573467884,643.1409699364914,1.270289591702679,1.3284680373349267
2024-12-10,392.67999267578125,409.7300109863281,390.8500061035156,400.989990234375,97563600,0.028328310501358537,0.6174088181461588,0.8291504910624592,200.35116748296898,626.4231702126235,1.2696645810763256,1.3230571245106426
2024-12-11,409.70001220703125,424.8800048828125,402.3800048828125,424.7699890136719,104287600,0.0576113551148347,0.6302608993050098,0.8701013915637965,197.5911292331671,603.0592541827925,1.2663415131326627,1.3152481040875499
2024-12-12,424.8399963378906,429.29998779296875,415.0,418.1000061035156,87752200,-0.01582716714006912,0.6058049896523151,0.8568627505229452,206.34009712880297,614.3851150886113,1.2767204908919447,1.3190706753385688
2024-12-13,420.0,436.29998779296875,415.7099914550781,436.2300109863281,89000200,0.04244899941747966,0.6409167824329897,0.9203220172336454,198.59696363938488,575.0495422918692,1.267557876296809,1.3054773956450567
2024-12-16,441.0899963378906,463.19000244140625,436.1499938964844,463.0199890136719,114083800,0.05960057359180242,0.6984308708640642,0.998096931403072,187.59557767348002,535.6355161934476,1.253905812925702,1.2908904881137968
2024-12-17,475.8999938964844,483.989990234375,457.510009765625,479.8599853515625,131223000,0.035724138195772255,0.7495139850048629,0.9957075921249118,176.5761291701257,536.6088952046385,1.2394039593386796,1.2912634884876013
2024-12-18,466.5,488.5400085449219,427.010009765625,440.1300048828125,149340800,-0.08642421525210743,0.6582948794377335,0.8804843662753579,209.1041395757432,615.3395202847785,1.2799081776335537,1.3193895690614033
2024-12-19,451.8800048828125,456.3599853515625,420.0199890136719,436.1700134277344,118566100,-0.009038042516689774,0.6522014329820323,0.8961924087663933,211.6650644883949,602.2755568542053,1.2828242313472866,1.3149809500822238
2024-12-20,425.510009765625,447.0799865722656,417.6400146484375,421.05999755859375,132216200,-0.0352567708528249,0.5459350403709553,0.8093165283196294,248.60892418718876,664.2984038868128,1.3213630455390175,1.335117710643155
2024-12-23,431.0,434.510009765625,415.4100036621094,430.6000061035156,72698100,0.02240426356053564,0.5918590565703952,0.845580813966379,229.19614858758928,637.122343004141,1.3018864397591459,1.3265364147052745
2024-12-24,435.8999938964844,462.7799987792969,435.1400146484375,462.2799987792969,59551800,0.07099116636191981,0.61470984760438,0.9345294708457867,223.09243657682148,583.8583204439392,1.295420345488359,1.3086005689841342
2024-12-26,465.1600036621094,465.3299865722656,451.0199890136719,454.1300048828125,76366400,-0.017787254049436575,0.5799868000458901,0.908842745275649,236.54411206271868,601.7743133508112,1.3094459994905192,1.3148098992197397
2024-12-27,449.5199890136719,450.0,426.5,431.6600036621094,82666800,-0.05074526160258332,0.5184843896806443,0.8604498066488915,269.6160053066418,642.9303565749266,1.340795278987217,1.3284007486826512
2024-12-30,419.3999938964844,427.0,415.75,417.4100036621094,64941000,-0.03356928885086787,0.49586892229545687,0.8010904031458969,284.8770894648158,691.8327712740036,1.3539850178665171,1.3434613217359894
2024-12-31,423.7900085449219,427.92999267578125,402.5400085449219,403.8399963378906,76825100,-0.03305021011916344,0.43856948511205923,0.7210181409478056,323.40088413108595,766.1447373134176,1.3843690839796239,1.364422002884042
2025-01-02,390.1000061035156,392.7300109863281,373.0400085449219,379.2799987792969,109710700,-0.06274403546918701,0.3713434048053392,0.6529412856605661,392.1458863812272,857.454911375235,1.4305414288601708,1.38755434910972
2025-01-03,381.4800109863281,411.8800048828125,379.45001220703125,410.44000244140625,95423300,0.07895504556688626,0.46419270222465103,0.7295689499071425,322.8179579353472,781.0492876018012,1.3839368973456094,1.3683803009447626
2025-01-06,423.20001220703125,426.42999267578125,401.70001220703125,411.04998779296875,85516500,0.0014850709586745647,0.5011816002195828,0.672274187262809,294.5808884662261,836.5351520149255,1.3620091432587518,1.3824799004033028
2025-01-07,405.8299865722656,414.3299865722656,390.0,394.3599853515625,75699500,-0.04145067133894483,0.4938789963350451,0.5337215656143843,299.89773087581426,1040.1421994863329,1.3662942967913838,1.4272344209939354
2025-01-08,392.95001220703125,402.5,387.3999938964844,394.94000244140625,73038800,0.0014697002488738569,0.45695298681583557,0.4718182168678439,318.8796307574684,1159.5543967468866,1.3809963776246024,1.449561608938098
2025-01-10,391.3999938964844,399.2799987792969,377.2900085449219,394.739990234375,62287300,-0.0005065652243020289,0.4941359975912328,0.4507047693591688,289.9932502539411,1208.0765140132607,1.3582490749271074,1.4579834592109817
2025-01-13,383.2099914550781,403.7900085449219,380.07000732421875,403.30999755859375,67580500,0.021478195369560783,0.5004901820412098,0.4665531748521903,287.13675343659554,1171.4551926558436,1.3558776963271335,1.4516593731997887
2025-01-14,414.3399963378906,422.6400146484375,394.5400085449219,396.3599853515625,84565000,-0.017382638722844804,0.49731845872139163,0.41271965023145557,289.3825585802683,1318.2490024228216,1.3577440659943476,1.4759134618953438
2025-01-15,409.8999938964844,429.79998779296875,405.6600036621094,428.2200012207031,81375500,0.07731423282838396,0.5841363216821829,0.4864949109694327,253.9184291127337,1138.0551751108378,1.326425343941157,1.4457167523760377
2025-01-16,423.489990234375,424.0,409.1300048828125,413.82000732421875,68335200,-0.03420597069137618,0.6418538898596957,0.5405097123635292,225.24025723252095,1011.3345133472219,1.2977156387693456,1.421464215293301
2025-01-17,421.5,439.739990234375,419.75,426.5,94991400,0.03018125256143425,0.6658102935517664,0.5412566484112371,219.4746805702775,1010.1182686691371,1.2915037649392644,1.4212169982740728
2025-01-21,432.6400146484375,433.20001220703125,406.30999755859375,424.07000732421875,87320900,-0.005713813715474868,0.6582274315779126,0.5179330051248214,222.38272704844178,1052.6202059786065,1.2946570463612683,1.42968433810256
2025-01-22,416.80999755859375,428.0,414.5899963378906,415.1099853515625,60963300,-0.021355043154943146,0.6288887013344,0.4811809641923434,234.1392826493252,1134.627786768458,1.3069980839164175,1.4450971033804418
2025-01-23,416.05999755859375,420.7300109863281,408.95001220703125,412.3800048828125,50690600,-0.006598243859181292,0.6242804289165464,0.506502420665451,236.3474494305934,1071.4055470499022,1.3092467498408458,1.4333183939078442
2025-01-24,414.45001220703125,418.8800048828125,405.7799987792969,406.5799865722656,56427100,-0.014164587635274254,0.610976379131799,0.48940453080918117,242.90930944133277,1111.8196419215,1.3158070409795226,1.4409252447063425
2025-01-27,394.79998779296875,406.69000244140625,389.0,397.1499938964844,58125500,-0.023466650856007368,0.5959274361849124,0.5070140183925611,250.68493672283967,1068.6890641229932,1.323355156414653,1.432796844806608
2025-01-28,396.9100036621094,400.5899963378906,386.5,398.0899963378906,48910700,0.0023640734639690623,0.6023206569340744,0.4591953728348197,247.84440001263076,1166.4401354570066,1.320625225576888,1.450777974398683
2025-01-29,395.2099914550781,398.5899963378906,384.4800109863281,389.1000061035156,68033600,-0.02284170549807513,0.5994972621545374,0.45696131632470116,249.31777328981408,1172.778353641188,1.3220451108038458,1.4518912903245702
2025-01-30,410.7799987792969,412.5,384.4100036621094,400.2799987792969,98092900,0.028327903495885404,0.42963817418121514,0.6169321634239779,322.1885067341753,846.9057312934225,1.3834693394498907,1.3850111303583772
2025-01-31,401.5299987792969,419.989990234375,401.3399963378906,404.6000061035156,83283600,0.010734640646320742,0.4074814807714232,0.6081356750026641,336.17306102960816,857.2755438594567,1.3936479089774447,1.3875113688638925
2025-02-03,386.67999267578125,389.1700134277344,374.3599853515625,383.67999267578125,93732100,-0.053090087069197885,0.3795196390046235,0.5570907968959857,365.73026044894027,947.7372066167752,1.4138352976835653,1.408120954331213
2025-02-04,382.6300048828125,394.0,381.3999938964844,392.2099914550781,57072200,0.02198853609615247,0.41296366025212217,0.5246290492685943,337.76934426845696,998.3352031702054,1.3947827244288327,1.4188064132122933
2025-02-05,387.510009765625,388.3900146484375,375.5299987792969,378.1700134277344,57223300,-0.03645352337012321,0.3841300368609346,0.5298776053441003,368.0020739999165,987.1587908703113,1.4153187502821452,1.4164934997406577
2025-02-06,373.0299987792969,375.3999938964844,363.17999267578125,374.32000732421875,77918200,-0.01023279935109268,0.4042503039057582,0.47807198426963904,346.45077947851075,1085.608758449271,1.4008620618754786,1.4360239763019824
2025-02-07,370.19000244140625,380.54998779296875,360.3399963378906,361.6199951171875,70298300,-0.03451714290429038,0.3732213684266176,0.5113419363618696,380.6580376081885,1006.5163893698807,1.4234188274438069,1.4204831211471096
2025-02-10,356.2099914550781,362.70001220703125,350.510009765625,350.7300109863281,77514900,-0.03057719520938892,0.3676139528291177,0.524066455473261,387.45590208532104,978.9213689942931,1.4276591163992374,1.4147719737213993
2025-02-11,345.79998779296875,349.3699951171875,325.1000061035156,328.5,118543400,-0.06547989008634725,0.267332435725656,0.5018351856107134,540.2572359766808,1028.0465218678535,1.5072979535055475,1.4248313535977715
2025-02-12,329.94000244140625,346.3999938964844,329.1199951171875,336.510009765625,105382700,0.024091057420887543,0.15382883289916655,0.5171156409430203,890.928872340663,1001.509788732668,1.627128523566835,1.4194586601195986
2025-02-13,345.0,358.69000244140625,342.8500061035156,355.94000244140625,89441500,0.05613428883532556,0.1813331092700968,0.6185176227007868,765.6534824296464,839.602647879764,1.5908274113599237,1.3832318620879867
2025-02-14,360.6199951171875,362.0,347.5,355.8399963378906,68277300,-0.00028100285016493403,0.10235493089575312,0.5819807185216093,1306.6422320664524,884.2772287799062,1.7188668611888984,1.3938824038636726
2025-02-18,355.010009765625,359.1000061035156,350.0199890136719,354.1099853515625,51631700,-0.004873623368530301,0.011674403478723712,0.5712901914141463,11005.32565613214,900.6100196747307,2.229341453843493,1.3976423593106215
2025-02-19,354.0,367.3399963378906,353.6700134277344,360.55999755859375,67094400,0.018050813649058695,0.09315200527906504,0.6019703936484497,1347.5949702395042,855.8800585941368,1.7262597629859402,1.3871766736499351
2025-02-20,361.510009765625,362.29998779296875,348.0,354.3999938964844,45965400,-0.01723217010242546,0.07060656822696999,0.5337057548674862,1788.8690196739396,957.1199341849102,1.794116928386312,1.410144864210559
2025-02-21,353.44000244140625,354.9800109863281,334.4200134277344,337.79998779296875,74058600,-0.04797223327197698,0.08208246888694279,0.5172602735026108,1529.6807058370057,991.6832121609292,1.756620512067585,1.4174329496648366
2025-02-24,338.1400146484375,342.3999938964844,324.70001220703125,330.5299987792969,76052300,-0.021756545199510743,0.030128950896943632,0.43406741915745,4149.209893766685,1169.864260310025,1.995663715279328,1.4513801753516233
2025-02-25,327.0199890136719,328.8900146484375,297.25,302.79998779296875,134228800,-0.08762494178787733,-0.11216034138425916,0.33723869486664826,1133.6786070303463,1535.9883632249923,1.6848515899620085,1.5073194473162517
2025-02-26,303.7099914550781,309.0,288.0400085449219,290.79998779296875,100118300,-0.04043677756749929,-0.1738030713757723,0.26672032105501037,738.7889189901897,1947.136545360111,1.582271078964363,1.5560475660033386
2025-02-27,291.1600036621094,297.2300109863281,280.8800048828125,281.95001220703125,101748200,-0.030905910133740465,-0.19316865539653236,0.24311467807958456,671.2400928300846,2148.819734907923,1.5593011538175034,1.5762957793060193
2025-02-28,279.5,293.8800048828125,273.6000061035156,292.9800109863281,115697000,0.03837459125197188,-0.14778189146028456,0.271722564253989,891.185666158056,1936.2714493378578,1.6271975612504848,1.5548979768873086
2025-03-03,300.3399963378906,303.94000244140625,277.29998779296875,284.6499938964844,115551400,-0.028844050845269347,-0.21396047965402118,0.30101485716253734,612.960028770241,1735.1988873616447,1.5375429525132134,1.532372784253871
2025-03-04,270.92999267578125,284.3500061035156,261.8399963378906,272.0400085449219,126706600,-0.04531118823694169,-0.2188407793564694,0.21086807749407893,600.7401437322476,2477.2951838911354,1.5327189487230501,1.6055197291058634
2025-03-05,272.9200134277344,279.54998779296875,267.7099914550781,279.1000061035156,94042900,0.025621016692865903,-0.19215600750975817,0.2692925354144679,692.4720437812051,1936.3654355305382,1.5667611662247802,1.5549079487948056
2025-03-06,272.05999755859375,272.6499938964844,260.0199890136719,263.45001220703125,98451600,-0.05770651942025788,-0.23394850609228832,0.23052507870350253,580.3806056338781,2283.866596885735,1.5244594460191818,1.5888177557075178
2025-03-07,259.32000732421875,266.25,250.72999572753906,262.6700134277344,102369600,-0.0029651004058366417,-0.2731095456652523,0.24423670302756434,489.25119335548646,2148.350388491932,1.4835413307450018,1.5762509014685162
2025-03-10,252.5399932861328,253.3699951171875,220.0,222.14999389648438,189076900,-0.16754574067757613,-0.47463503868530654,0.0741183386421091,299.81132612847284,7368.6557341293355,1.3662252673660094,1.8294663678684755
2025-03-11,225.30999755859375,237.05999755859375,217.02000427246094,230.5800018310547,174896400,0.037245079838722016,-0.4213842457937879,0.07410797724415902,340.9750617176113,7369.667805912618,1.397045593702679,1.8294945831373481
2025-03-12,247.22000122070312,251.83999633789062,241.10000610351562,248.08999633789062,142215700,0.07319368705023706,-0.3665458472969791,0.16383094011469634,401.71240843265724,3378.5898263781155,1.4363153303785465,1.6692668070441827
2025-03-13,248.1300048828125,248.2899932861328,232.60000610351562,240.67999267578125,114813500,-0.030323348875332088,-0.42865543007176543,0.09252607757622312,343.28487934342644,5967.312141165965,1.3986629119382321,1.7861305278650148
2025-03-14,247.30999755859375,251.5800018310547,240.72999572753906,249.97999572753906,100242300,0.037912677650069934,-0.442763842018435,0.08256273919048923,330.2751194607901,6671.735428181726,1.3894077447707271,1.8090545385618515
2025-03-17,245.05999755859375,245.39999389648438,232.8000030517578,238.00999450683594,111900600,-0.04906823105490024,-0.49329548796865036,0.12173499358141684,302.71550725276467,4483.052431995227,1.3685346076270675,1.7273754352243933
2025-03-18,228.16000366210938,230.10000610351562,222.27999877929688,225.30999755859375,111477600,-0.05483544563443516,-0.5764592441044439,0.04094957404171461,262.0326748064297,13418.93006748057,1.333960854361731,1.9526151848278022
2025-03-19,231.61000061035156,241.41000366210938,229.1999969482422,235.86000061035156,111993800,0.045761190368065426,-0.5883094088512135,0.04195149045379643,255.44533995213874,13101.554046042664,1.3278615745788604,1.9476977981604
2025-03-20,233.35000610351562,238.0,230.0500030517578,236.25999450683594,99028300,0.0016944590202751025,-0.5707877826908692,0.035017206961446015,261.6774139928394,15670.246437490046,1.3336358466314808,1.9844788280910386
2025-03-21,234.99000549316406,249.52000427246094,234.5500030517578,248.7100067138672,132728700,0.0513547158131408,-0.5618820662952081,0.07903471613778157,266.85518451872707,7015.278423532246,1.3383296206053652,1.8193699031058623
2025-03-24,258.0799865722656,278.6400146484375,256.3299865722656,278.3900146484375,169079900,0.11273547481030481,-0.5087471650767056,0.18968370578735844,301.51501883071165,2998.860155776912,1.367582703645472,1.6447726521232937
2025-03-25,283.6000061035156,288.20001220703125,271.2799987792969,288.1400146484375,150361500,0.034423463077927825,-0.5100478401945501,0.23946614481031273,300.58036735737625,2385.778963726371,1.366838962166917,1.597786525948083
2025-03-26,282.6600036621094,284.8999938964844,266.510009765625,272.05999755859375,153629800,-0.05742390273973778,-0.4810475276821805,0.177247351755553,314.78250723336873,3261.8544463539315,1.377898497488813,1.6620429179387446
2025-03-27,272.4800109863281,291.8500061035156,271.82000732421875,273.1300048828125,162572100,0.003925268964187628,-0.468084216201303,0.18411721678072906,322.79024019967983,3140.8390807602777,1.3839163277397184,1.6542759683237476
2025-03-28,275.5799865722656,276.1000061035156,260.57000732421875,263.54998779296875,123809400,-0.035704833212183235,-0.46853227856066143,0.0774027618102938,322.54371267419475,7411.788855813687,1.383733299467179,1.8306654407678906
2025-03-31,249.30999755859375,260.55999755859375,243.36000061035156,259.1600036621094,134008900,-0.016797411271064034,-0.5077339533922612,0.08412510317813397,296.9226190775721,6809.133081287042,1.3639059327554355,1.813242449547559
2025-04-01,263.79998779296875,277.45001220703125,259.25,268.4599914550781,146486900,0.03525624951763979,-0.5434688702365411,0.07124097736783891,273.12498244169285,8017.072586084664,1.3438929210090746,1.8467930143116682
2025-04-02,254.60000610351562,284.989990234375,251.27000427246094,282.760009765625,212787800,0.05189662060946535,-0.47378499557763903,0.10620180446825106,317.9755287178074,5420.708217408252,1.3803162125505322,1.766393610734734
2025-04-03,265.2900085449219,276.29998779296875,261.510009765625,267.2799987792969,136174300,-0.05630172235818194,-0.47934145633323755,0.03914293334740664,315.04307090746084,14858.615310969893,1.378096709906339,1.973552571513364
2025-04-04,255.3800048828125,261.0,236.0,239.42999267578125,181229400,-0.11003572551557192,-0.5558078929979416,-0.05993897070248486,280.6428709717174,9918.262347703125,1.3503976930630552,1.8905121498445678
2025-04-07,223.77999877929688,252.0,214.25,233.2899932861328,183453800,-0.02597878190231111,-0.5487364647810893,-0.11016697966903001,283.4218061809181,5398.307915803485,1.3527581185165047,1.7655428887038906
2025-04-08,245.0,250.44000244140625,217.8000030517578,221.86000061035156,171603500,-0.05023573100190593,-0.5362281603138083,-0.16488475550846904,288.5168135979204,3642.9277876935244,1.3570263124533906,1.6847426675810815
2025-04-09,224.69000244140625,274.69000244140625,223.8800048828125,272.20001220703125,219433400,0.20449058000160142,-0.4106926258790931,0.053500076345558055,396.57554007658274,11690.465191647827,1.4332322693901578,1.924286092475326
2025-04-10,260.0,262.489990234375,239.3300018310547,252.39999389648438,181722600,-0.0755220285780395,-0.48769972541580714,0.013481874803775813,343.82437270344036,46777.11042770236,1.3990390936297727,2.2091573009470777
2025-04-11,251.83999633789062,257.739990234375,241.36000061035156,252.30999755859375,128948100,-0.0003566259450699316,-0.4466056800219321,0.04727331631311282,369.4801624556693,13247.436564943386,1.4162790055555712,1.9499727105192148
2025-04-14,258.3599853515625,261.79998779296875,245.92999267578125,252.35000610351562,100135200,0.00015855643290671638,-0.44791682383789927,0.009036162977936342,368.20835048557393,68754.78349116484,1.4154529912364255,2.2882840798628927
2025-04-15,249.91000366210938,258.75,247.5399932861328,254.11000061035156,79594300,0.006950209565496345,-0.44046004904810093,0.0536759485431319,375.3928468645545,11500.1845008183,1.4200822027267803,1.9209146751692592
2025-04-16,247.61000061035156,251.97000122070312,233.88999938964844,241.5500030517578,112378700,-0.050690742903996715,-0.5126289873216584,-0.012138805280448504,326.2483618138935,51232.96504822439,1.3864690943034848,2.227850375343348
2025-04-17,243.47000122070312,244.33999633789062,237.67999267578125,241.3699951171875,83404800,-0.0007454979855451015,-0.49599184658435863,0.0013266121370330514,335.0114610317907,467473.84942754864,1.392818722212231,2.6820762794747277
2025-04-21,230.25999450683594,232.2100067138672,222.7899932861328,227.5,97768000,-0.05918076725792799,-0.6324868466706706,-0.04835052498848783,260.85013275842516,12959.828468701438,1.3328773011884072,1.9454633204481282
2025-04-22,230.9600067138672,242.7899932861328,229.85000610351562,237.97000122070312,120858500,0.04499438204493094,-0.5532864939343635,0.08856739592533212,299.45701996412464,7006.119050383759,1.3659420012166805,1.8191014950940665
2025-04-23,254.86000061035156,259.45001220703125,244.42999267578125,250.74000549316406,150381900,0.052271947159751794,-0.5311957993360459,0.13461449421572047,314.61359449333526,4654.029614442047,1.377769916835825,1.7350650094063536
2025-04-24,250.5,259.5400085449219,249.1999969482422,259.510009765625,94464200,0.03437870754426389,-0.491103278076307,0.1671241535016057,344.0918549142498,3773.9972655371203,1.3992253866698543,1.6920044604110451
2025-04-25,261.69000244140625,286.8500061035156,259.6300048828125,284.95001220703125,167560700,0.09351849398026,-0.3762297409411039,0.25265896039329616,461.62023708428285,2540.363588202336,1.4696150976803655,1.6106845415333568
2025-04-28,288.9800109863281,294.8599853515625,272.4200134277344,285.8800048828125,151731800,0.0032583903115033577,-0.3663731067704191,0.25790732214612727,473.4467910590555,2489.3070593224684,1.4756751432835857,1.606513470196074
2025-04-29,285.5,293.32000732421875,279.4700012207031,292.0299987792969,108906600,0.021284373105168935,-0.33092414602997594,0.28005223310182303,525.5614009217104,2301.9477799272563,1.5006913880574637,1.590437824974466
2025-04-30,279.8999938964844,284.45001220703125,270.7799987792969,282.1600036621094,128961100,-0.03438223363024816,-0.34183972880421676,0.2540877073806957,510.8548128022804,2550.461851447259,1.49389240215708,1.6114995835793189
2025-05-01,280.010009765625,290.8699951171875,279.80999755859375,280.5199890136719,99659000,-0.005829314402079844,-0.3500331166702657,0.2522875402638087,499.54048060073484,2569.5879615912627,1.4885271143527428,1.6130344671873234
2025-05-02,284.8999938964844,294.7799987792969,279.80999755859375,287.2099914550781,114454700,0.02356864125337387,-0.30362276991881687,0.29587449223572065,576.0535094205809,2192.6072923313704,1.5226667157883609,1.5804401052360353
2025-05-05,284.57000732421875,284.8500061035156,274.3999938964844,280.260009765625,94618900,-0.024495847170982712,-0.356446520585685,0.07319165359553023,489.9862066366528,8555.029020007716,1.483900951322662,1.860135695114047
2025-05-06,273.1099853515625,277.7300109863281,271.3500061035156,275.3500061035156,76715800,-0.01767474071206643,-0.3848559019440723,0.0226255788273511,454.988436218222,27587.29702167196,1.4661485885270993,2.100675567270282
2025-05-07,276.8800048828125,277.9200134277344,271.0,276.2200012207031,71592600,0.0031546161942166075,-0.3286111986806578,0.05090844032396571,522.9863744084531,12204.695089054407,1.4995147805550235,1.9331298208218228
2025-05-08,279.6300048828125,289.79998779296875,279.4100036621094,284.82000732421875,97539400,0.030659773437438274,-0.31993996133937186,0.09302369891275047,538.9223937309335,6706.01745986915,1.506705337081369,1.8101074826120958
2025-05-09,290.2099914550781,307.0400085449219,290.0,298.260009765625,132387800,0.046108194570086934,-0.23737824339916183,0.1467517934617729,729.006841423974,4284.935894505207,1.579078003656042,1.7180897137143116
2025-05-12,321.989990234375,322.2099914550781,311.5,318.3800048828125,112826700,0.06528003118679684,-0.16186541286127223,0.24238489104448596,1091.2055292744694,2613.044608848726,1.6757042176399695,1.6164798456698155
2025-05-13,320.0,337.5899963378906,316.79998779296875,334.07000732421875,136992600,0.04810492051681205,-0.07924334944016981,0.29397801898644776,2240.082484036765,2174.18536159862,1.8480000701024295,1.578706715933381
2025-05-14,342.5,350.0,337.0,347.67999267578125,136997300,0.0399319216619113,-0.008734232568869757,0.35887972026024784,20393.285256862848,1786.4140763197438,2.3771059870594966,1.5383487587863514
2025-05-15,340.3399963378906,346.1400146484375,334.7200012207031,342.82000732421875,97882600,-0.01407694599861275,0.04266871151886474,0.31000114724452066,4096.174894659448,2059.3910091004595,1.9925819831534681,1.5675627299798647
2025-05-16,346.239990234375,351.6199951171875,342.3299865722656,349.9800109863281,95895700,0.020670491941373468,0.03924814603935078,0.19307697893851733,4447.500984628908,3227.7977260296093,2.0122947627567083,1.6598866319990435
2025-05-19,336.29998779296875,343.0,333.3699951171875,342.0899963378906,88869900,-0.02280219175263177,-0.039688334548606555,0.1416447747214902,4343.5831663172985,4394.484851967119,2.006630999770808,1.7232760602588264
2025-05-20,347.8699951171875,354.989990234375,341.6300048828125,343.82000732421875,131715500,0.005044436283555748,-0.03436289541488587,0.06799203548086738,5025.746606406586,9014.011074062702,2.0415761042920764,1.8708723121492958
2025-05-21,344.42999267578125,347.3500061035156,332.20001220703125,334.6199951171875,102354800,-0.027122740878422213,-0.05661201292477771,-0.04493760944605402,3076.1209266168107,13468.718675101665,1.9239768913433708,1.9533760340714217
2025-05-22,331.8999938964844,347.2699890136719,331.3900146484375,341.0400085449219,97113400,0.019004252475032086,-0.05565857409880426,0.037493431180261,3129.9287486281637,15988.856475696051,1.9281310043521094,1.9886140276621678
2025-05-23,337.9200134277344,343.17999267578125,333.2099914550781,339.3399963378906,84654800,-0.004997253689502847,-0.04342365768588166,0.027182910541088505,3993.4936588503883,22051.94352873572,1.986500339891994,2.0546656876660485
2025-05-27,347.3500061035156,363.7900085449219,347.32000732421875,362.8900146484375,120146400,0.06709725458197968,0.07164583016807505,0.1537282990550178,2437.758451372287,3905.789614366153,1.8682584351543108,1.699056335809293
2025-05-28,364.8399963378906,365.0,355.9100036621094,356.8999938964844,91404300,-0.016644185010272462,0.0767581903573132,0.10688714125425684,2271.0661073955253,5600.940622481023,1.8512907766825988,1.7731132504076124
2025-05-29,365.2900085449219,367.7099914550781,356.0,358.42999267578125,88087800,0.0042777491260106125,0.16866088127120105,0.05650053988694201,1001.4495109324881,10479.869298221158,1.655142010952057,1.9018276255624738
2025-05-30,355.5199890136719,363.67999267578125,345.2900085449219,346.4599914550781,123474900,-0.03396601533337422,0.1751316435053262,0.0013285721295538504,962.0463449379125,446928.75024534605,1.6455259612959119,2.6728428114666807
2025-06-02,343.5,348.0199890136719,333.3299865722656,342.69000244140625,81873800,-0.010941091649071494,0.19509646198999528,0.0019278065934628696,856.9455468871527,307966.1533502412,1.6178121340252152,2.59633399472177
2025-06-03,346.6000061035156,355.3999938964844,343.0400085449219,344.2699890136719,99324500,0.004599945784019605,0.1613218165220431,0.013539925061758414,1022.7487882136736,43824.88003356029,1.6601835727978962,2.195764011775606
2025-06-04,345.1000061035156,345.6000061035156,327.3299865722656,332.04998779296875,98912100,-0.03614067809813415,0.15402518926917833,-0.05993529038484286,1074.278654789457,9897.847928712774,1.671959079326598,1.8900888581677786
2025-06-05,322.489990234375,324.54998779296875,273.2099914550781,284.70001220703125,287499800,-0.15384948606327908,0.045486891442840884,-0.17335388791362857,3792.7622006724127,3507.1310761375803,1.974145979433699,1.6769380285026276
2025-06-06,298.8299865722656,305.5,291.1400146484375,295.1400146484375,164747700,0.0360138325066553,0.05587970725663023,-0.13627630025312798,3099.452449222388,4494.679679366799,1.9257870019784558,1.727907582048416
2025-06-09,285.9599914550781,309.8299865722656,281.8500061035156,308.5799865722656,140908900,0.04453121583281344,0.15811744250970156,-0.07583106358258673,1089.9499640884626,8126.465906748702,1.6754284203818974,1.8495773377369418
2025-06-10,314.94000244140625,327.8299865722656,310.6700134277344,326.0899963378906,151256500,0.05519232015438431,0.21627486306992258,-0.05683468259532983,812.5533757108356,10886.100777759377,1.6050694801482246,1.909640741348576
2025-06-11,334.3999938964844,335.5,322.5,326.42999267578125,122611400,0.0010421025390305668,0.3848627062865292,-0.08977233239877724,428.49600882628073,6844.271185925522,1.4517774781961972,1.814299898235704
2025-06-12,323.0799865722656,332.55999755859375,316.8599853515625,319.1099853515625,105127500,-0.022679683166052338,0.32493794328175485,-0.09644630251203305,504.60522138518115,6379.651557593262,1.4909436957634539,1.799857576607417
2025-06-13,313.9700012207031,332.989990234375,313.29998779296875,325.30999755859375,128964300,0.019242741328905938,0.2709869975604237,-0.09555884973655535,592.1264591245576,6440.1065375151165,1.5292592212263982,1.8017952315125592
2025-06-16,331.2900085449219,332.04998779296875,326.4100036621094,329.1300048828125,83925900,0.011674257976472,0.3129846044122279,-0.11567082565953746,508.7994047658701,5297.745672184538,1.4929266115509774,1.7616797069370493
2025-06-17,326.0899963378906,327.260009765625,314.739990234375,316.3500061035156,88282700,-0.03960360944657592,0.23546831731558193,-0.20729552470285312,676.7631960397524,2948.3528141401002,1.5612642062322244,1.6412830780381042
2025-06-18,317.30999755859375,329.32000732421875,315.45001220703125,322.04998779296875,95137700,0.017857560202303197,0.3023941085727855,-0.19090137939586482,520.273354959588,3212.7142530196893,1.498268836044943,1.6589243492197099
2025-06-20,327.95001220703125,332.3599853515625,317.7799987792969,322.1600036621094,108688000,0.00034155282181088666,0.35757110702903167,-0.2188881370754124,430.08367099937516,2785.319077377982,1.452663440502906,1.6295966256654788
2025-06-23,327.5400085449219,357.5400085449219,327.4800109863281,348.67999267578125,190716800,0.07910624722725408,0.3909161638882203,-0.19739324496299318,398.942119709323,3102.779125482797,1.434657581047032,1.6517712535558775
2025-06-24,356.1700134277344,356.260009765625,340.44000244140625,340.4700012207031,114736200,-0.023827555571310416,0.3653941492966347,-0.20539363339423453,430.7446482900502,2986.984943690909,1.453031321484331,1.6439575023125101
2025-06-25,342.70001220703125,343.0,320.3999938964844,327.54998779296875,119845100,-0.03868634165630777,0.2753530918271862,-0.28652897446802195,568.6085780510874,2139.4644157985927,1.519550505319577,1.5753993899279644
2025-06-26,324.6099853515625,331.04998779296875,323.6099853515625,325.7799987792969,80440900,-0.005418374727754274,0.15719924228912693,-0.35154792278757874,951.6109385904335,1723.7332944886373,1.6429132780198437,1.5310107845227265
2025-06-27,324.510009765625,329.3399963378906,317.5,323.6300048828125,89067000,-0.006621400161764133,0.11615437904943511,-0.39389346114511514,1272.3186643528368,1528.81822770598,1.712489947055939,1.506358175863207
2025-06-30,319.8999938964844,325.5799865722656,316.6000061035156,317.6600036621094,76695100,-0.01861926308527601,0.15495901870389686,-0.3260885089782835,937.4290315489548,1819.6803722104726,1.639316290716163,1.5421392948293884
2025-07-01,298.4599914550781,305.8900146484375,293.2099914550781,300.7099914550781,145085700,-0.0548353231730864,0.09619842656662303,-0.3718857896346802,1544.435201900666,1611.5982986745512,1.7589200720151106,1.517191459620931
2025-07-02,312.6300048828125,316.8299865722656,303.82000732421875,315.6499938964844,119483700,0.04848766871497916,0.1803909284937852,-0.28814135006687613,828.218591212461,2085.957195866098,1.6096439271578404,1.5701959982873464
2025-07-03,317.989990234375,318.45001220703125,312.760009765625,315.3500061035156,58042300,-0.0009508330128998894,0.19623750675194948,-0.31149644664031184,756.089371158788,1920.6048193487065,1.587816164736629,1.5532289503952863
2025-07-07,291.3699951171875,296.1499938964844,288.7699890136719,293.94000244140625,131177900,-0.07030747928005848,0.09067377795425109,-0.45279509228229003,1661.4662630293994,1321.0670952542346,1.7764177837399433,1.4763521794529306
2025-07-08,297.0,304.04998779296875,294.3500061035156,297.80999755859375,103246700,0.013080017887538436,0.05185717523232428,-0.4219278203453149,2856.4676570186293,1416.2629904722437,1.9062297149321015,1.490647279150521
2025-07-09,297.54998779296875,300.1499938964844,293.54998779296875,295.8800048828125,75586800,-0.006501707849529647,0.10165718974097636,-0.3776842665922613,1425.2936094496042,1566.9413501322706,1.7396884006355382,1.5114183347679526
2025-07-10,300.04998779296875,310.4800109863281,300.0,309.8699951171875,104365300,0.046198855706690405,0.25789177096323873,-0.297916122034703,545.7403539056866,1992.0067912267014,1.5097169747020356,1.5607281108566258
2025-07-11,307.8900146484375,314.0899963378906,305.6499938964844,313.510009765625,79236400,0.01167844971117151,0.29554900257672134,-0.253187462204368,473.06004602781326,2332.9457324361224,1.4754793768316286,1.5931858500096923
2025-07-14,317.7300109863281,322.6000061035156,312.6700134277344,316.8999938964844,78043400,0.01075495879659973,0.3565396923752268,-0.17968846793858143,384.93939806464414,3249.591007076544,1.426098138331673,1.6612690687112595
2025-07-15,319.67999267578125,321.20001220703125,310.5,310.7799987792969,77556300,-0.019500985006087518,0.132548127367538,-0.2781444985115552,944.7274237767356,2071.5311814507636,1.6411741418543984,1.5687702658754825
2025-07-16,312.79998779296875,323.5,312.6199951171875,321.6700134277344,97284800,0.03444095462458378,0.2425111105701612,-0.24518861484564586,505.3441914445177,2367.4397233234686,1.4912942575369654,1.5962012069489255
2025-07-17,323.1499938964844,324.3399963378906,317.05999755859375,319.4100036621094,73922900,-0.007050661595447646,0.2358170749197834,-0.21078860510214867,521.5343013074877,2732.5825556199115,1.4988487272656579,1.625669527894226
2025-07-18,321.6600036621094,330.8999938964844,321.4200134277344,329.6499938964844,94255000,0.031555911584314186,0.26721443007119083,-0.1807023937667085,467.89210244445474,3209.190872412404,1.4728479466540207,1.6586989166405832
2025-07-21,334.3999938964844,338.0,326.8800048828125,328.489990234375,75768800,-0.003525100711992725,0.2567391197937017,-0.18372092925439923,486.1155928021927,3158.599755986687,1.4820010796570053,1.6554344247996304
2025-07-22,329.739990234375,335.4100036621094,321.54998779296875,332.1099853515625,77370400,0.010959828902223289,0.31838969159992164,-0.1942392957217368,383.8766870552265,2980.5168543300683,1.4254358756952796,1.6435121491049527
2025-07-23,330.8999938964844,336.20001220703125,328.6700134277344,332.55999755859375,92553800,0.0013540923687317768,0.32048928195419835,-0.17550256463016023,381.48526494652936,3286.8453225251174,1.4239388541767526,1.6636109302646214
2025-07-24,310.0,310.1499938964844,300.4100036621094,305.29998779296875,156966000,-0.08552542784602518,0.29414462136610126,-0.3383422253045695,421.47410685692745,1708.0848790832035,1.4478192735485302,1.5291372138990607
2025-07-25,308.739990234375,323.6300048828125,308.010009765625,316.05999755859375,148227000,0.034637201499348805,0.2837874408205191,-0.2694990531138445,434.48407894683896,2144.620889480382,1.4551020087664832,1.5758939463741364
2025-07-28,318.45001220703125,330.489990234375,315.69000244140625,325.5899963378906,112673800,0.029706848621967902,0.2612223422827353,-0.26997345705331066,466.4011216343807,2140.623870208416,1.4720833604074022,1.5755106967854797
2025-07-29,325.54998779296875,326.25,318.25,321.20001220703125,87358900,-0.013574889801361277,0.21326874493710987,-0.2778345331391971,564.9310934842691,2083.7350916781775,1.517996140648543,1.569977029902807
2025-07-30,322.17999267578125,324.45001220703125,311.6199951171875,319.0400085449219,83931900,-0.006747506520358081,0.11300274443649187,-0.26322699650461207,1016.2764778070267,2192.1557981594115,1.6586627610902933,1.5803977967993201
2025-07-31,319.6099853515625,321.3699951171875,306.1000061035156,308.2699890136719,85270900,-0.03434052685502853,0.0754038272699598,-0.29096927950045937,1549.820137847719,1995.540850243663,1.7597538723965893,1.5610922681297186
2025-08-01,306.2099914550781,309.30999755859375,297.82000732421875,302.6300048828125,89121400,-0.018465033347039538,0.03565442081775131,-0.2952697252122246,3272.500582351491,1968.3702449816874,1.9388018294573492,1.5582758108307178
2025-08-04,309.0799865722656,312.1199951171875,303.0,309.260009765625,78683900,0.02167142527004271,0.09170807971804233,-0.25013164908617447,1263.2792083562779,2322.643952286638,1.7107818953461316,1.5922766503790613
2025-08-05,308.95001220703125,312.45001220703125,305.5,308.7200012207031,57961300,-0.0017476574412364776,0.09578973667888574,-0.2542433799913801,1206.6804508619791,2284.7659906119325,1.699801187739378,1.588898643798875
2025-08-06,307.8900146484375,320.4700012207031,306.92999267578125,319.9100036621094,78523600,0.03560499649944306,0.107826091924955,-0.19579667799386194,1079.237535712729,2975.2591399480825,1.6730623283825345,1.6431494222506318
2025-08-07,319.7900085449219,322.3999938964844,316.1600036621094,322.2699890136719,66658700,0.007349951735303974,0.1396718908312417,-0.21677462975444325,825.1873862763174,2674.7536033189745,1.608765565153647,1.6212751290214737
2025-08-08,321.42999267578125,335.1499938964844,320.9800109863281,329.6499938964844,91200300,0.02264179762598033,0.17998842916928848,-0.20486747277478362,642.1431742259413,2837.7694349278263,1.548685082062575,1.6334293456470956
2025-08-11,335.0,346.6400146484375,334.1499938964844,339.0299987792969,105320200,0.028057128395424267,0.20489094137049613,-0.12372025731016154,571.9970035759839,4672.738162630031,1.520973820194044,1.7358892053399368
2025-08-12,345.0,345.260009765625,332.94000244140625,340.8399963378906,80522100,0.005324552775796538,0.17955572070885445,-0.14038424063051738,643.5340223336116,4102.640349124421,1.549203386814553,1.7091581205417112
2025-08-13,341.5,348.9800109863281,338.20001220703125,339.3800048828125,67838900,-0.0042927102832610135,0.1291548158555066,-0.1082234275436552,873.6198333352764,5283.191978557708,1.6224286032512576,1.7611145483787887
2025-08-14,335.760009765625,340.4700012207031,330.3999938964844,335.5799865722656,75000700,-0.011260099884090402,0.052614684784619205,-0.10925072807665291,2077.7642898550203,5234.735762664141,1.8299806031563393,1.759221580053422
2025-08-15,337.6600036621094,339.29998779296875,327.0199890136719,330.55999755859375,74319800,-0.015072159502432556,-0.010562395234625275,-0.08980574467479507,10146.731051134317,6340.026994704144,2.209882857586231,1.7985775744109171
2025-08-18,329.6199951171875,336.2699890136719,329.5899963378906,335.1600036621094,56956600,0.013819862125930686,-0.03667445477060591,-0.045408687339475534,2876.020938591422,12490.834363401138,1.907863953281348,1.9378908355789177
2025-08-19,335.7900085449219,340.54998779296875,327.8500061035156,329.30999755859375,75956000,-0.017608491717904177,-0.040206000489897274,0.00246271102896755,2629.111302179927,227785.1943774899,1.8863609557597552,2.534375146081469
2025-08-20,329.2200012207031,331.3699951171875,314.6000061035156,323.8999938964844,77481800,-0.01656474162017639,-0.07744123405144723,-0.038193088012096525,1361.5379174163913,14662.09512039217,1.7287256056726716,1.9708172539816584
2025-08-21,322.0799865722656,324.8999938964844,318.67999267578125,320.1099853515625,55744400,-0.011770166368817137,-0.06640920866763263,-0.10609754321623918,1576.9212882317574,5223.715240273294,1.7639066999062476,1.7587886119157372
2025-08-22,321.6600036621094,340.25,319.69000244140625,340.010009765625,94016300,0.0603104166993377,-0.011143228251850702,-0.045506123666736537,9720.197878173363,12350.583437310848,2.1995949732075504,1.935571012126266
2025-08-25,338.8999938964844,349.5299987792969,335.0299987792969,346.6000061035156,86670000,0.019196337227210383,0.03517584985378172,-0.021436163070995946,3064.578903435435,26305.506642614146,1.9230763537584672,2.0909011898915106
2025-08-26,344.92999267578125,351.8999938964844,343.7200012207031,351.6700134277344,76651600,0.014521879161701688,0.03069347654045155,-0.02496509755835279,3502.6274382850934,22568.722884256294,1.9550818203560287,2.05942461950399
2025-08-27,351.94000244140625,355.3900146484375,349.1600036621094,349.6000061035156,65519000,-0.005903612812939926,0.029787117417014435,-0.013636540268867195,3611.182812490832,41209.69432461016,1.9623935483005581,2.183123491977658
2025-08-28,350.9100036621094,353.54998779296875,340.260009765625,345.9800109863281,67903200,-0.010408659566889222,-0.047718796731854446,0.023927033436220452,2176.961174392775,23282.217289014214,1.841152899743598,2.0658189981053408
2025-08-29,347.2300109863281,348.75,331.70001220703125,333.8699951171875,81145700,-0.0356293206445078,-0.06670393236608986,0.010054257991223323,1575.8591414567165,55586.18575724877,1.7637452907811388,2.2446045534905106
2025-09-02,328.2300109863281,333.3299865722656,325.6000061035156,329.3599853515625,58392000,-0.013600348042363621,-0.08458202953446411,0.08407885173673692,1249.9341893504495,6532.6136575261735,1.7082378129638656,1.8047252639784748
2025-09-03,335.20001220703125,343.3299865722656,328.510009765625,334.0899963378906,88733300,0.014259073808795026,-0.036356940392294916,0.13877470311303128,2872.657000114691,3933.3649536349644,1.9075835924277154,1.7005016903451708
2025-09-04,336.1499938964844,338.8900146484375,331.4800109863281,338.5299987792969,60711000,0.013202304316841879,-0.012213544426381548,0.18288291756361366,8563.279789458255,2972.1205903806185,2.1692377738953565,1.6429325897763671
2025-09-05,348.0,355.8699951171875,344.67999267578125,350.8399963378906,108989800,0.035717557533237444,0.018904067322836327,0.1802258838448794,5639.561110692614,3014.0213988563314,2.069180688265909,1.645808686208899
2025-09-08,354.6400146484375,358.44000244140625,344.8399963378906,346.3999938964844,75208300,-0.0127361095766315,0.04230863584433891,0.1963338251135173,2483.874600460477,2756.074445442485,1.8727478917086915,1.6274281619438213
2025-09-09,348.44000244140625,350.7699890136719,343.82000732421875,346.9700012207031,53816000,0.0016441653277190816,0.19780228723533697,0.24328917867817798,481.26844960500114,2200.812745154646,1.4796004353144583,1.581207504349449
2025-09-10,350.54998779296875,356.3299865722656,346.07000732421875,347.7900085449219,72121700,0.0023605495234688204,0.1641490042521506,0.22002871150878078,566.61042286492,2419.7299561965183,1.5187071952816025,1.600689487435779
2025-09-11,350.1700134277344,368.989990234375,347.6000061035156,368.80999755859375,103756000,0.05868272574299215,0.17830051416232925,0.3364179566720307,526.7981716015325,1582.9623856916676,1.5012544581796294,1.5135081986942103
2025-09-12,370.94000244140625,396.69000244140625,370.239990234375,395.94000244140625,168156400,0.07098109112687562,0.1940892851348206,0.41036414820474315,489.23182391846933,1319.2649807377875,1.4835318465393186,1.4760717362862417
2025-09-15,423.1300048828125,425.70001220703125,402.42999267578125,410.0400085449219,163823700,0.034992045964953526,0.2280392285607436,0.6129019348472728,426.0731888344549,855.1891256384738,1.450419126167876,1.3870107572471329
2025-09-16,414.5,423.25,411.42999267578125,421.6199951171875,104285700,0.027849686096646824,0.2785685978234428,0.6035065411051975,349.99440800038707,866.4788746449509,1.4032998853411427,1.3897051572233217
2025-09-17,415.75,428.30999755859375,409.6700134277344,425.8599853515625,106133500,0.010006196509857018,0.2693320530043937,0.5403190505648174,359.7680817733747,952.6062319464774,1.4098978427327349,1.4091737203303203
2025-09-18,428.8699951171875,432.2200012207031,416.55999755859375,416.8500061035156,90454500,-0.021384159862326838,0.23627363516559488,0.5492582395778228,412.7765657124734,934.9867935171774,1.4428240731002238,1.405338261954803
2025-09-19,421.82000732421875,429.4700012207031,421.7200012207031,426.07000732421875,93131000,0.021877209710827277,0.297754454322998,0.5332227716385801,323.67611066763675,959.1949492928422,1.384572868705561,1.410589777647195
2025-09-22,431.1099853515625,444.9800109863281,429.1300048828125,434.2099914550781,97108800,0.018924599151656805,0.2988214932723515,0.6012156018451371,322.7524238125615,844.1995112877496,1.3838882609756606,1.3843536030467694
2025-09-23,439.8800048828125,440.9700012207031,423.7200012207031,425.8500061035156,83422700,-0.019441082441463448,0.27903885800907713,0.6366099650381088,350.0832513550502,790.0357796174952,1.4033606870787296,1.3707305624649566
2025-09-24,429.8299865722656,444.2099914550781,429.0299987792969,442.7900085449219,93133600,0.03900845039857305,0.23894106118039618,0.6298572250686165,397.92438102787867,797.1120658184394,1.4340456701241602,1.3725625049945354
2025-09-25,435.239990234375,435.3500061035156,419.0799865722656,423.3900146484375,96746400,-0.04480186162620923,0.21796675512549737,0.5833609044221321,442.4702460262493,870.2515926856235,1.4594652646401207,1.390597729863744
2025-09-26,428.29998779296875,440.4700012207031,421.0199890136719,440.3999938964844,101628200,0.03938961629749567,0.296042713079301,0.5713958049064871,325.93106452092474,885.7525534855503,1.3862359973673701,1.3942248782558806
2025-09-29,444.3500061035156,450.9800109863281,439.5,443.2099914550781,79491500,0.006360288086303643,0.3078213758933589,0.46502061818248597,313.6583374227846,1058.633745954779,1.3770414493106133,1.4308546776023783
2025-09-30,441.5199890136719,445.0,433.1199951171875,444.7200012207031,74358000,0.0034011943142930328,0.31784397036941614,0.43399834941885124,303.109187485438,1125.0126289357074,1.3688459469352183,1.4433487039087267
2025-10-01,443.79998779296875,462.2900085449219,440.75,459.4599914550781,98122300,0.03260699487618123,0.3690702283308734,0.5240292470347703,263.5016934637234,925.5731979765144,1.335300113376261,1.4032593479524142
2025-10-02,470.5400085449219,470.75,435.57000732421875,436.0,137009000,-0.052409624917241146,0.3714959265867186,0.46769435315334157,261.3567278588552,1050.5373626437672,1.3333420901513178,1.429277421043263
2025-10-03,443.2900085449219,446.7699890136719,416.5799865722656,429.8299865722656,133188200,-0.014252492909231236,0.3087557649625083,0.48914669345629364,307.25798227522733,998.7629367249574,1.3721026242953829,1.4188944156864212
2025-10-06,440.75,453.54998779296875,436.69000244140625,453.25,85324900,0.05305409919515741,0.3627606971705656,0.558998203922515,270.8517941067728,882.3909522689892,1.3418907791486776,1.3934436999626385
2025-10-07,447.82000732421875,452.67999267578125,432.45001220703125,433.0899963378906,102296100,-0.04549829949251959,0.3875698769581044,0.47824365491235554,249.35319982137872,1034.1724744120577,1.3220791478453737,1.4260519190809298
2025-10-08,437.57000732421875,441.3299865722656,425.2300109863281,438.69000244140625,71192100,0.012847468714676217,0.38733732778524227,0.4391945030175664,249.46388159939906,1114.5632080160062,1.322185457345386,1.4414315783213465
2025-10-09,431.80999755859375,436.3500061035156,426.17999267578125,435.5400085449219,69339900,-0.007206358713169257,0.3866326769216027,0.48828986666257906,250.03700244246068,989.4279401179061,1.3227351847538977,1.4169652024148447
2025-10-10,436.5400085449219,443.1300048828125,411.45001220703125,413.489990234375,112107900,-0.05195335338705128,0.2884804678278611,0.5463722387910998,336.40585327570204,870.4265971271783,1.3938137387627414,1.3906390395167
2025-10-13,423.5299987792969,436.8900146484375,419.70001220703125,435.8999938964844,79552800,0.052779538485349636,0.3295815566020392,0.6251305591787606,302.55967515722915,766.3375592465623,1.368411257014239,1.3644737018587638
2025-10-14,426.7900085449219,434.20001220703125,417.8599853515625,429.239990234375,72669400,-0.01539666493428667,0.30342993287115294,0.6599696252463798,329.63062890947054,719.0208915532245,1.388939824306089,1.35138035090548
2025-10-15,434.8999938964844,440.510009765625,426.3299865722656,435.1499938964844,71558200,0.013674604901329141,0.3366055227785698,0.4691536501461077,296.0173798485607,958.5897316148063,1.3631744733753999,1.4104601096700085
2025-10-16,434.7300109863281,439.3500061035156,421.30999755859375,428.75,77189900,-0.014816786729139187,0.28734778142484685,0.529858891995008,342.32216269256276,833.8714265523164,1.397990151015773,1.381824678208332
2025-10-17,425.5,441.4599914550781,423.6000061035156,439.30999755859375,89331600,0.024331310172500658,0.3187297531927951,0.5545468281125785,312.14141492335824,802.3684863608014,1.375880091313248,1.373912815557828
2025-10-20,443.8699951171875,449.79998779296875,440.6099853515625,447.42999267578125,63719000,0.01831477587612344,0.3054886174846045,0.5727030475557952,322.85354240313035,781.0526057536167,1.3839633023422284,1.3683811737309315
2025-10-21,445.760009765625,449.29998779296875,442.04998779296875,442.6000061035156,54412200,-0.01085364312168525,0.2981600750749119,0.5548991948686136,332.38668037787994,807.0270386404655,1.390934433176883,1.3751021674254162
2025-10-22,443.45001220703125,445.5400085449219,429.0,438.9700012207031,84023500,-0.008235365016010689,0.2789648811566779,0.5973545727565995,354.62294397983396,740.4303491179245,1.406447153986392,1.357408280778687
2025-10-23,420.0,449.3999938964844,413.8999938964844,448.9800109863281,126709800,0.022547291398770954,0.300158080186717,0.6206473621409155,334.17359711696673,717.2087003827644,1.392218841723565,1.350861907527576
2025-10-24,446.8299865722656,451.67999267578125,430.1700134277344,433.7200012207031,94727800,-0.03457920037137167,0.3511043076613707,0.6452489290274719,276.2523798694399,684.9069629110675,1.3466203550988194,1.341394308541335
2025-10-27,439.9800109863281,460.1600036621094,438.69000244140625,452.4200134277344,105867500,0.042211814191010485,0.3586789203530322,0.6424663611735514,271.7911337049656,687.3103047359881,1.342720145049314,1.342113946511921
2025-10-28,454.7799987792969,467.0,451.6000061035156,460.54998779296875,80185700,0.01781041931942346,0.34678249105048786,0.608004833333223,278.88513690870855,718.8984822132471,1.3488925768797921,1.3513453724214013
2025-10-29,462.5,465.70001220703125,452.6499938964844,461.510009765625,67983500,0.002082342411769511,0.36243972326361856,0.5757084682007285,264.7763497050098,751.9347869717514,1.336456142079693,1.360575804474723
2025-10-30,451.04998779296875,455.05999755859375,439.6099853515625,440.1000061035156,72447900,-0.047501755655160294,0.3216854741288164,0.4346882185653082,306.55562976433185,982.113225477136,1.371554402784729,1.4154407478217628
2025-10-31,446.75,458.0,443.69000244140625,456.55999755859375,83135800,0.03671813319553837,0.3927441341793834,0.4681479614493432,251.4844371287745,921.210494331449,1.3241179483473378,1.402288700651237
2025-11-03,455.989990234375,474.07000732421875,453.79998779296875,468.3699951171875,84595200,0.025538450543862383,0.4367476180702853,0.47240203888803667,227.19942944612657,914.0854812364258,1.2997903224582354,1.400693546354168
2025-11-04,454.4599914550781,460.2200012207031,443.6000061035156,444.260009765625,87756600,-0.052848572813666,0.36222761998657654,0.4539356997046188,279.5350730891572,956.5594189450924,1.349450208048534,1.4100245161134013
2025-11-05,452.04998779296875,466.3299865722656,440.7099914550781,462.07000732421875,85573000,0.03930641199562339,0.4032816894234365,0.49907142610232214,257.1320394490194,878.7689875579598,1.3294381585428228,1.3925986799579448
2025-11-06,461.9599914550781,467.45001220703125,435.0899963378906,445.9100036621094,109622900,-0.035599264459215095,0.3320774284647783,0.4399035203897331,312.26533875149534,1000.520460627067,1.3759751790461467,1.4192556158631728
2025-11-07,437.9200134277344,439.3599853515625,421.8800048828125,429.5199890136719,103471500,-0.03744886561150212,0.28727861111797204,0.42695050194921386,367.7708538135673,1034.8187043509463,1.4151681869508408,1.4261802553504794
2025-11-10,439.6000061035156,449.6700134277344,433.3599853515625,445.2300109863281,76515900,0.03592274671529928,0.300559560207291,0.4805479893765797,354.3921933828215,924.33766418572,1.406291225810066,1.4029849222077817
2025-11-11,439.3999938964844,442.489990234375,432.3599853515625,439.6199951171875,60533200,-0.01268032095842644,0.2598221108534405,0.4647130522239367,406.11043053280616,958.4988962913745,1.438923782256986,1.4104406411230983
2025-11-12,442.1499938964844,442.3299865722656,426.55999755859375,430.6000061035156,58513500,-0.020731107188327342,0.23376645088931644,0.413322171598171,455.65946239172587,1074.5521328293053,1.466501630472353,1.4339208698305377
2025-11-13,423.1300048828125,424.5,396.3399963378906,401.989990234375,118948000,-0.06875241071018368,0.16930675046239385,0.2984615663179005,653.8887289658772,1497.9482103852154,1.5530272537334697,1.5021674043393016
2025-11-14,386.29998779296875,412.19000244140625,382.7799987792969,404.3500061035156,105506700,0.005853666241942873,0.1864205165884273,0.23903520137304643,591.975388213836,1838.032805076959,1.5291980947939845,1.5442009147566043
2025-11-17,398.739990234375,423.9599914550781,398.739990234375,408.9200134277344,102214300,0.011238716089416035,0.21273139218027595,0.20216899694565066,517.5878497673882,2149.4983982786375,1.4970291122254007,1.5763606542236026
2025-11-18,405.3800048828125,408.8999938964844,393.7099914550781,401.25,80688600,-0.01893489628165649,0.17997663377268877,0.14330217900208295,613.6333298478064,3013.4386289448175,1.5378059466113576,1.645768959394161
2025-11-19,406.17999267578125,411.7799987792969,398.5,403.989990234375,72047700,0.006805426562391663,0.20439055205298454,0.16418455156308728,536.9008534855293,2624.406621621562,1.5058050536932965,1.6173712134343297
2025-11-20,414.6300048828125,428.94000244140625,394.739990234375,395.2300109863281,113548800,-0.021922199285516537,0.19903309438764438,0.12159186033619714,553.1024723730916,3545.054291077005,1.5129270186706056,1.6791475924562345
2025-11-21,402.32000732421875,402.79998779296875,383.760009765625,391.0899963378906,100460600,-0.010530198558583292,0.2002730621978783,0.13386385353024563,549.2755614507861,3208.1430184781952,1.5112637714532522,1.6586318252060666
2025-11-24,402.1700134277344,421.7200012207031,401.0899963378906,417.7799987792969,96806400,0.0660172720981127,0.20597991759665338,0.19483668934480264,535.8582796370703,2244.8587956219294,1.5053394225698926,1.5852785387482837
2025-11-25,414.4200134277344,420.4800109863281,405.95001220703125,419.3999938964844,71915600,0.003870128654219355,0.19065370902366227,0.22582955887744424,573.7094824224399,1923.3886757584012,1.5216899461674454,1.5535265177089355
2025-11-26,423.95001220703125,426.94000244140625,416.8900146484375,426.5799865722656,63463000,0.016974787220379935,0.19310661708234048,0.22380009362279193,567.2476759457207,1939.651492929841,1.5189764668756722,1.5552562945684858
2025-11-28,426.5899963378906,432.92999267578125,426.20001220703125,430.1700134277344,36252900,0.008380619474776033,0.20739084937005645,0.23717796678707084,528.9543174924476,1832.1011397128627,1.502232942546122,1.5435368413825707
2025-12-01,425.32000732421875,433.6600036621094,425.2900085449219,430.1400146484375,57463600,-6.97394621241348e-05,0.2177297694748215,0.17001097274296711,500.7503367081624,2504.6644897654455,1.4891066029694995,1.6077770271548575
2025-12-02,430.80999755859375,436.79998779296875,422.1199951171875,429.239990234375,69336600,-0.0020945908399217085,0.2512644992794077,0.1845605669133178,425.2431133130079,2296.9641139905643,1.4499519678855555,1.589992563658604
2025-12-03,432.1000061035156,447.9200134277344,431.1099853515625,446.739990234375,87483000,0.039960567737700375,0.3048254150594716,0.22024338552500755,356.14455637705197,1945.8825719354154,1.407472839916671,1.5559152163607064
2025-12-04,449.94000244140625,454.6300048828125,445.3900146484375,454.5299987792969,71906500,0.017287167308555625,0.3078535085592324,0.27149656816693735,353.2808146487797,1570.5521366728826,1.405538794140326,1.5118912029966902
2025-12-05,453.0299987792969,458.8699951171875,451.6600036621094,455.0,56427500,0.0010335035967348669,0.29568470783912537,0.2834711634127437,365.1449107345324,1499.6641057565273,1.4134515819973663,1.5024026038139766
2025-12-08,447.45001220703125,449.75,435.25,439.5799865722656,69165800,-0.03447772390855956,0.22548942639732827,0.2443934937201646,478.4578096969162,1755.3480389888505,1.4781973104181187,1.5347446443555293
2025-12-09,437.5400085449219,452.3900146484375,435.70001220703125,445.1700134277344,62367400,0.012636566806914386,0.2508621027808741,0.2931707386252132,430.0398728542945,1452.8738695848645,1.4526390437436347,1.4958905636976265
2025-12-10,446.07000732421875,456.8800048828125,443.6099853515625,451.45001220703125,63257500,0.014008389943790958,0.2632263273969461,0.4610286146322832,412.8932787942459,884.4586865940269,1.4428917983124223,1.393924557364038
2025-12-11,448.95001220703125,449.2699890136719,440.3299865722656,446.8900146484375,55979500,-0.010152139695978377,0.2507136381774989,0.4148626424296496,435.5201238306849,974.7774360838499,1.4556725600457605,1.413900455006076
2025-12-12,448.0899963378906,463.010009765625,441.6700134277344,458.9599914550781,95656700,0.026650529578487583,0.21868144201299433,0.3969819561753236,489.7934685653322,1012.8275289265539,1.483806702410409,1.4217672833075508
2025-12-15,469.44000244140625,481.7699890136719,467.6600036621094,475.30999755859375,114542200,0.03500417593015653,0.18270452681627516,0.3767938119510958,573.4408683370042,1060.1283308871793,1.521577758348167,1.4311445183507234
2025-12-16,472.2099914550781,491.5,465.8299865722656,489.8800048828125,107608100,0.03019325551468915,0.1779057363660107,0.40594496492675425,587.1554411964207,993.3352539843082,1.5272396111583848,1.417774911428682
2025-12-17,488.2200012207031,495.2799987792969,466.20001220703125,467.260009765625,106490400,-0.04727460429487326,0.10278144597449052,0.38135004379793336,1028.599469562657,1065.784024929271,1.66155005973498,1.4322376250034825
2025-12-18,478.1600036621094,490.8599853515625,473.1199951171875,483.3699951171875,95168400,0.03389652701091261,0.12667177647554614,0.39600382947993995,846.8643550879825,1031.156131143578,1.614977264560268,1.4254518339384104
2025-12-19,488.1199951171875,490.489990234375,474.7200012207031,481.20001220703125,103305400,-0.0044993863680713635,0.14355654996980158,0.3798301851353964,739.6130795705317,1072.6083901685083,1.582538168332509,1.4335489106064205
2025-12-22,489.8800048828125,498.8299865722656,485.3299865722656,488.7300109863281,86916100,0.015527202757109204,0.1372065430160833,0.4349609973390814,770.8346062716312,929.4606022587596,1.5924430107469911,1.4041204001489351
2025-12-23,489.3999938964844,491.9700012207031,482.8399963378906,485.55999755859375,58223600,-0.006507353223946919,0.11177459064047972,0.41059608391283126,939.0008048965518,981.0214939219476,1.6397176145479784,1.415212247526393
2025-12-24,488.4800109863281,490.8999938964844,476.79998779296875,485.3999938964844,41285400,-0.0003295782832779731,0.13088609479866517,0.4099249528077423,792.4003154624544,982.6238295319746,1.5990530541027912,1.4155475304964311
2025-12-26,485.2300109863281,489.0899963378906,473.82000732421875,475.19000244140625,58780700,-0.021258551524587485,0.07061909287550472,0.30956015405590087,1452.304684260204,1276.9144262537434,1.7441858026743886,1.4693685098767342
2025-12-29,469.0,469.3999938964844,459.0,459.6400146484375,66263000,-0.03327112293491262,0.08214983156680138,0.3001165866922987,1239.3323202808826,1321.1848589731885,1.7061972456555894,1.4763704924002614
2025-12-30,461.0899963378906,463.1199951171875,453.8299865722656,454.42999267578125,59238500,-0.01139973602177475,0.03136047924753076,0.32740319232683174,3188.458899470385,1200.2394623562916,1.932569369787804,1.456646365834802
2025-12-31,456.1000061035156,456.54998779296875,449.29998779296875,449.7200012207031,49078000,-0.0104187006411069,0.014581490520120349,0.32240286641347915,6875.524544364655,1220.8708882756064,2.116651533677015,1.4601478013671425
2026-01-02,457.79998779296875,458.3399963378906,435.29998779296875,438.07000732421875,85535400,-0.02624643791802105,-0.01506614171219393,0.3027778286572223,6752.912506883283,1308.4297835349096,2.1123409504663537,1.4743774557278817
2026-01-05,447.989990234375,457.54998779296875,444.57000732421875,451.6700134277344,67940800,0.03057312274344065,-0.017100013844934363,0.35197021448593896,5941.991394364991,1129.9749643462783,2.0816946406523247,1.4442529020739039
2026-01-06,446.3800048828125,448.25,428.7799987792969,432.9599914550781,89093800,-0.04230652917497186,-0.006996918102665157,0.36449900848405353,14427.985636765112,1086.6662957253952,2.294210964942698,1.4362240094019816
2026-01-07,435.8999938964844,438.3699951171875,431.2900085449219,431.4100036621094,59828800,-0.003586402728205757,0.0036691720783603725,0.3124249370408687,27324.457911472484,1249.1052297647293,2.4471944776096217,1.4648448470913318
2026-01-08,427.8900146484375,436.8900146484375,424.3699951171875,435.79998779296875,57041100,0.010124471981728621,-0.03926045513506831,0.3235002420354972,2482.5925201558557,1210.0275207511606,1.8726242101550985,1.458314975478027
2026-01-09,435.95001220703125,449.04998779296875,430.3900146484375,445.010009765625,67331500,0.02091338126870214,0.027151225626153495,0.414721102584258,3530.9526682780847,928.3900932263567,1.9570112840585394,1.40388364439837
2026-01-12,441.2300109863281,454.29998779296875,438.0,448.9599914550781,61649600,0.00883700211279967,0.023140759024276904,0.410478086809519,4131.628186537093,936.642864491895,1.9946464723915713,1.4057018253095055
2026-01-13,450.20001220703125,451.80999755859375,443.95001220703125,447.20001220703125,53719200,-0.003927828743923437,0.026419288993522704,0.4130519659151254,3610.843116101745,929.9962194965681,1.9623710126995044,1.4042387559150895
2026-01-14,442.80999755859375,443.9100036621094,434.2200012207031,439.20001220703125,57259500,-0.018051031148363036,0.06032161123221079,0.348802079060072,1544.9232032331083,1090.8121608374418,1.7589957535575673,1.43700632643777
2026-01-15,441.1300048828125,445.3599853515625,437.6499938964844,438.57000732421875,49465800,-0.0014354670972459708,0.006106605649615284,0.33568816225165443,14714.376097707152,1129.4588384682618,2.2989194917078546,1.4441590428449693
2026-01-16,439.5,447.25,435.260009765625,437.5,60220600,-0.0024427450941923528,0.019060525489709497,0.32249045836086254,4670.0122442727625,1172.3304185946981,2.023989732215403,1.4518128077902221
2026-01-20,429.3599853515625,430.7300109863281,417.44000244140625,419.25,63187300,-0.042609305094350874,-0.037223384505970666,0.2993821382725992,2441.8425174955123,1272.8530093785407,1.8686594364868494,1.4687140269409555
2026-01-21,421.6600036621094,438.20001220703125,419.6199951171875,431.44000244140625,68124000,0.02866105598439217,0.006254458207560693,0.29360223963240734,14676.494332057386,1295.3513886930734,2.2983019656850328,1.4723136226136542
2026-01-22,435.1600036621094,449.5,432.6300048828125,449.3599853515625,71546700,0.040695858938020815,0.022619006973080898,0.341348760165876,4105.273773230779,1126.9762465193417,1.993113521663489,1.4437069749808662
2026-01-23,447.42999267578125,452.42999267578125,444.0400085449219,449.05999755859375,56771400,-0.0006678119583802994,0.0036364191385772062,0.3091250366231815,25219.910014097703,1231.4644445911931,2.4279944303606924,1.4619227491755393
2026-01-26,445.0,445.0400085449219,434.2799987792969,435.20001220703125,49397400,-0.03135078007637384,-0.016860717816111353,0.2812993572588005,5518.298708588036,1366.1383147001318,2.063973543838374,1.4832444153733697
2026-01-27,437.4100036621094,437.5199890136719,430.69000244140625,430.8999938964844,37733100,-0.009929693133760457,-0.018555045933861102,0.26040983522281685,5020.338349482289,1475.2127617344622,2.04131817672077,1.499025343915614
2026-01-28,431.9100036621094,438.260009765625,430.1000061035156,431.4599914550781,54857400,0.0012987560805733547,-0.03980358125205869,0.2603544989346584,2305.6079627945273,1475.4986760602078,1.8549068829228452,1.4990651573955491
2026-01-29,437.79998779296875,440.2300109863281,414.6199951171875,416.55999755859375,81686100,-0.0351442835440217,-0.040368664424708794,0.3107356432366619,2274.243787775993,1215.1910408216586,1.8516257298147751,1.4591897912492158
2026-01-30,425.3500061035156,439.8800048828125,422.70001220703125,430.4100036621094,82626100,0.032707748293060876,-0.04987273032265844,0.30880619003037385,1828.4625568997749,1221.9714273577658,1.7993612653174411,1.4603329118554582
2026-02-02,421.2900085449219,427.1499938964844,414.5,421.80999755859375,58739500,-0.02018328139266714,-0.08786643103474902,0.25891606001573875,1039.5853679771888,1452.649468888324,1.6640950584769103,1.4958588299915458
2026-02-03,424.2699890136719,428.55999755859375,413.69000244140625,421.9599914550781,56886500,0.00035553266889641583,-0.08959324077762212,0.27284648248599647,1018.295717567149,1372.1846704053266,1.6591382629118714,1.4841516731274045
2026-02-04,420.4599914550781,423.8999938964844,399.17999267578125,406.010009765625,74606900,-0.038532688670109685,-0.08062417379257149,0.24106130033624493,1124.3454635083529,1570.2555067643668,1.68287125293052,1.5118523973824913
2026-02-05,397.0199890136719,402.1000061035156,387.5299987792969,397.2099914550781,72819800,-0.02191272731756527,-0.13925503430567523,0.2534890998737082,644.0490508504612,1486.8971508782045,1.5493950299638688,1.5006461388000607
2026-02-06,400.8699951171875,414.54998779296875,397.75,411.1099853515625,62677100,0.03439569638292661,-0.13039778846661088,0.30634982960367446,692.2110774399371,1237.0929243403014,1.566670869632243,1.4628595981755044
2026-02-09,409.9100036621094,421.25,407.2900085449219,417.32000732421875,54484300,0.014992548192064116,-0.06255666746088079,0.2996709525256957,1403.5618522159898,1261.7671127901642,1.73600770514792,1.466916887912822
2026-02-10,418.0799865722656,427.25,417.0,425.2099914550781,64450200,0.018729813289406434,-0.08313326616709782,0.3201484232563387,1040.0730913200928,1187.9572260493944,1.664207420303637,1.4545332069715105
2026-02-11,427.9599914550781,436.3500061035156,420.0299987792969,428.2699890136719,57362000,0.007170667714086594,-0.040363333993796116,0.2917140944709822,2096.37822184168,1291.0797839802542,1.8321171429561827,1.471635026313222
2026-02-12,430.29998779296875,436.2300109863281,414.0,417.07000732421875,61933400,-0.026499721174377204,-0.029414189556671223,0.2578644215613008,2852.538901180539,1470.2130592705494,1.9059000051560602,1.4983278868970138
2026-02-13,414.30999755859375,424.05999755859375,410.8800048828125,417.44000244140625,51434100,0.0008867362574486323,-0.06445020001452195,0.23610936019276918,1266.5248402479795,1593.6999779066164,1.7113965764682837,1.5148970586766937
2026-02-17,412.3599853515625,413.7200012207031,400.510009765625,410.6300048828125,59678800,-0.016448249621048336,-0.06821812867714386,0.19160398217629654,1200.1603712686447,1956.0048994036865,1.6985032799191702,1.5569811436444796
2026-02-18,411.1099853515625,416.8999938964844,409.5799865722656,411.32000732421875,45921400,0.001678940551719039,-0.04580808093709737,0.18795836995221907,1760.2637386132553,1991.421815310032,1.7902552985883426,1.5606677713279369
2026-02-19,407.25,415.25,404.1099853515625,411.7099914550781,51019600,0.000947679089765262,0.02389200886285152,0.19319875932524527,3190.4808294386635,1935.1549955266958,1.9327212338048094,1.5547794844256362
2026-02-20,408.29998779296875,414.70001220703125,405.5,411.82000732421875,57912200,0.0002671812076260135,0.018305523828534648,0.2047260404169617,4144.315969162227,1819.2139312191316,1.995380996029529,1.5420866266589055
2026-02-23,407.2900085449219,407.70001220703125,394.0400085449219,399.8299865722656,69680000,-0.02954695527872473,-0.02248014753960635,0.19025124464066964,3427.642551634702,1967.5150560395737,1.9498976675760786,1.558186533620365
2026-02-24,399.5,410.82000732421875,397.6400146484375,409.3800048828125,58579500,0.023604408796446652,0.020059157538496807,0.20003579131118557,3856.464482059163,1877.634881568069,1.9781360883768875,1.5485803539409113
2026-02-25,412.1499938964844,420.3399963378906,412.1499938964844,417.3999938964844,54809700,0.01940114803767631,0.03265487901378142,0.23704543106676604,2394.0113344208953,1585.4649590089252,1.8639204073686455,1.5138327356133225
2026-02-26,414.4200134277344,416.80999755859375,403.6600036621094,408.5799865722656,53602500,-0.021357279325286554,0.03321979897401153,0.23225289336165594,2352.1945676688388,1620.863572902804,1.8596990475539006,1.5183691930925318
2026-02-27,402.94000244140625,407.1199951171875,398.1099853515625,402.510009765625,56890100,-0.014967735162802965,0.028782262369791946,0.22905532456767022,2724.86816906054,1645.305295590575,1.8949308763579162,1.5214440311380428
2026-03-02,390.6000061035156,404.5400085449219,388.25,403.32000732421875,55088300,0.002010344152525457,-0.03522466557579528,0.1707552520208581,2108.3924867569203,2162.668056723731,1.8334861110491014,1.5776155316496252
2026-03-03,395.0899963378906,396.3399963378906,385.3900146484375,392.42999267578125,62617300,-0.027372150980348144,-0.06646694521036274,0.1241867638132995,1140.34203708091,2982.2001433905334,1.686255508605669,1.6436281430920598
2026-03-04,397.8500061035156,408.3299865722656,394.5799865722656,405.94000244140625,68305500,0.03384721273919843,-0.04959451969154431,0.14351209739079632,1550.4083886019212,2598.122980538468,1.7598447812223426,1.615303314801231
2026-03-05,401.57000732421875,408.6199951171875,399.4200134277344,405.54998779296875,51925900,-0.00096123102727329,-0.05893637019359365,0.14845447917646287,1296.4744665878907,2507.2976622128117,1.7169954408315211,1.607992897268943
2026-03-06,398.0899963378906,402.3500061035156,394.2099914550781,396.7300109863281,64054600,-0.02198816416611494,-0.08085479489758447,0.13687497457723719,962.6416938378813,2730.4107660029267,1.6456741613903336,1.6255061820584047
2026-03-09,390.04998779296875,401.5899963378906,381.3999938964844,398.67999267578125,67018900,0.004903095477786746,-0.07385710857987608,0.1774073906995316,1056.320116190464,2084.0760548504463,1.667920609300442,1.570010643918915
2026-03-10,402.2200012207031,406.5899963378906,398.19000244140625,399.239990234375,59258700,0.0014036436297643494,-0.11241403268781207,0.19241138237165956,671.7181800538451,1913.3219604734677,1.5594717156666138,1.552448438432142
2026-03-11,402.2799987792969,416.3800048828125,402.1499938964844,407.82000732421875,62559900,0.02126320318819362,-0.10843799680817408,0.1994155117510582,698.7310169126581,1850.6858213557055,1.5689166896714244,1.545610337265717
2026-03-12,405.17999267578125,406.5,394.6499938964844,395.010009765625,60973800,-0.031914812787204434,-0.14138631319211328,0.15429839464701192,550.0976376224374,2407.595277365491,1.5116220363471033,1.599656622335795
2026-03-13,399.1700134277344,400.20001220703125,389.95001220703125,391.20001220703125,58504100,-0.009692136394107657,-0.11660072567766148,0.10888870071966666,653.2138908058273,3380.5599577941466,1.5527798950023377,1.669386570439482
2026-03-16,396.2200012207031,403.7300109863281,394.4200134277344,395.55999755859375,57945200,0.011083506865035645,-0.11815378561954039,0.13270831716133377,643.7734042597319,2772.169454227829,1.5492924803812917,1.6286244236798855
2026-03-17,395.69000244140625,400.1199951171875,393.0,398.4700012207031,41585013,0.007329739921467719,-0.12483243564186365,0.1383938917550825,605.8533758004465,2663.622383755082,1.534749314916627,1.6204183769126046
